"","PC1","PC2"
"GCAAGCGTTATCCGGATTTACTGGGTGTAAAGGGAGCGTAGGCGGCAGTACAAGTCGGGAGTGAAAACTCGGGGCTCAACCCCGAGACTGCTCTCGAAACTGTACAGCTAGAGTGCAGGAAGGGCAGGCGGAATTCCTGGTGTAGCGGTGAAATGCGTAGATATCAGGAGGAACACCGGTGGCGAAGGCGGCCTGCTGGACTGTAACTGACGCTGAGGCTCGAAAGCGTGGGGAG",-0.0022289339435688,0.0243669788085914
"GCAAGCGTTATCCGGATTTACTGGGTGTAAAGGGAGCGTAGACGGCAAGGCAAGTCTGATGTGAAAACCCAGGGCTTAACCCTGGGACTGCATTGGAAACTGTCTGGCTCGAGTGCCGGAGAGGTAAGCGGAATTCCTAGTGTAGCGGTGAAATGCGTAGATATTAGGAAGAACACCAGTGGCGAAGGCGGCTTACTGGACGGTAACTGACGTTGAGGCTCGAAAGCGTGGGGAG",-0.0479579464572834,-0.0120130628580871
"GCAAGCGTTATCCGGATTTACTGGGTGTAAAGGGAGCGCAGACGGCTATGCAAGTCTGAAGTGAAAGCCCGGGGCTCAACCCCGGGACTGCTTTGGAAACTGTGTAGCTAGAGTGTCGGAGAGGTAAGCAGAATTCCCAGTGTAGCGGTGAAATGCGTAGATATTGGGAAGAATACCGGTGGCGAAGGCGGCTTACTGGACGATAACTGACGTTCAGGCTCGAAGGCGTGGGGAG",-0.0449407330633482,-0.0222990620788072
"GCAAGCGTTATCCGGATTTACTGGGTGTAAAGGGAGCGCAGACGGCTGTGCAAGTCTGAAGTGAAAGCCCGCGGCTCAACTGCGGGATTGCTTTGGAAACTGTGCGGCTTGAGTATCGGAGAGGTAAGCGGAATTCCAAGTGTAGCGGTGAAATGCGTAGATATTTGGAGGAACACCGGTGGCGAAGGCGGCTTACTGGACGAAAACTGACGTTGAGGCTCGAAGGCGTGGGGAG",-0.038685307536498,-0.0226546504831255
"GCAAGCGTTATCCGGATTTACTGGGTGTAAAGGGAGCGTAGACGGTGTGGCAAGTCTGATGTGAAAGGCATGGGCTCAACCTGTGGACTGCATTGGAAACTGTCATACTTGAGTGCCGGAGGGGTAAGCGGAATTCCTAGTGTAGCGGTGAAATGCGTAGATATTAGGAGGAACACCAGTGGCGAAGGCGGCTTACTGGACGGTAACTGACGTTGAGGCTCGAAAGCGTGGGGAG",-0.0394017242954626,-0.00909174928025479
"GCAAGCGTTATCCGGATTTACTGGGTGTAAAGGGAGCGTAGACGGCGCAGCAAGTCTGATGTGAAAGGCAGGGGCTTAACCCCTGGACTGCATTGGAAACTGCTGTGCTTGAGTGCCGGAGGGGTAAGCGGAATTCCTAGTGTAGCGGTGAAATGCGTAGATATTAGGAGGAACACCAGTGGCGAAGGCGGCTTACTGGACGGTAACTGACGTTGAGGCTCGAAAGCGTGGGGAG",-0.0477906917221065,-0.0153631820718653
"GCAAGCGTTATCCGGATTTACTGGGTGTAAAGGGAGCGTAGACGGATGGACAAGTCTGATGTGAAAGGCTGGGGCTCAACCCCGGGACTGCATTGGAAACTGCCCGTCTTGAGTGCCGGAGAGGTAAGCGGAATTCCTAGTGTAGCGGTGAAATGCGTAGATATTAGGAGGAACACCAGTGGCGAAGGCGGCTTACTGGACGGTAACTGACGTTGAGGCTCGAAAGCGTGGGGAG",-0.0468815045349387,-0.00912978209853789
"GCAAGCGTTATCCGGATTTACTGGGTGTAAAGGGAGCGCAGGCGGTGCGGCAAGTCTGATGTGAAAGCCCGGGGCTCAACCCCGGTACTGCATTGGAAACTGTCGTACTAGAGTGTCGGAGGGGTAAGCGGAATTCCTAGTGTAGCGGTGAAATGCGTAGATATTAGGAGGAACACCAGTGGCGAAGGCGGCTTACTGGACGATAACTGACGCTGAGGCTCGAAAGCGTGGGGAG",-0.0390187897498049,0.00471859505355104
"GCAAGCGTTATCCGGATTTACTGGGTGTAAAGGGAGCGTAGACGGCACGGCAAGCCAGATGTGAAAGCCCGGGGCTCAACCCCGGGACTGCATTTGGAACTGCTGAGCTAGAGTGTCGGAGAGGCAAGTGGAATTCCTAGTGTAGCGGTGAAATGCGTAGATATTAGGAGGAACACCAGTGGCGAAGGCGGCTTGCTGGACGATGACTGACGTTGAGGCTCGAAAGCGTGGGGAG",-0.0440818551796092,-0.00863858183132639
"GCAAGCGTTATCCGGAATTACTGGGTGTAAAGGGTGCGTAGGTGGTATGGCAAGTCAGAAGTGAAAACCCAGGGCTTAACTCTGGGACTGCTTTTGAAACTGTCAGACTGGAGTGCAGGAGAGGTAAGCGGAATTCCTAGTGTAGCGGTGAAATGCGTAGATATTAGGAGGAACATCAGTGGCGAAGGCGGCTTACTGGACTGAAACTGACACTGAGGCACGAAAGCGTGGGGAG",-0.0482845132896596,-0.0116796684303099
"ACAAGCGTTGTCCGGAATTACTGGGTGTAAAGGGAGCGCAGGCGGGAAGACAAGTTGGAAGTGAAATCTATGGGCTCAACCCATAAACTGCTTTCAAAACTGTTTTTCTTGAGTAGTGCAGAGGTAGGCGGAATTCCCGGTGTAGCGGTGGAATGCGTAGATATCGGGAGGAACACCAGTGGCGAAGGCGGCCTACTGGGCACCAACTGACGCTGAGGCTCGAAAGTGTGGGTAG",-0.0390779080544455,0.00670550262573639
"ACAAGCGTTGTCCGGAATTACTGGGTGTAAAGGGAGCGCAGGCGGGAAGACAAGTTGGAAGTGAAATCCATGGGCTCAACCCATGAACTGCTTTCAAAACTGTTTTTCTTGAGTAGTGCAGAGGTAGGCGGAATTCCCGGTGTAGCGGTGGAATGCGTAGATATCGGGAGGAACACCAGTGGCGAAGGCGGCCTACTGGGCACCAACTGACGCTGAGGCTCGAAAGTGTGGGTAG",-0.0434142789364682,-0.00822954294297674
"GCAAGCGTTGTCCGGAATTACTGGGTGTAAAGGGAGCGCAGGCGGGAAGACAAGTTGGAAGTGAAAACCATGGGCTCAACCCATGAATTGCTTTCAAAACTGTTTTTCTTGAGTAGTGCAGAGGTAGATGGAATTCCCGGTGTAGCGGTGGAATGCGTAGATATCGGGAGGAACACCAGTGGCGAAGGCGGTCTACTGGGCACCAACTGACGCTGAGGCTCGAAAGCATGGGTAG",-0.0453202203713855,-0.00537307089545121
"GCAAGCGTTGTCCGGAATTACTGGGTGTAAAGGGAGCGCAGGCGGACCGGCAAGTTGGAAGTGAAAACTATGGGCTCAACCCATAAATTGCTTTCAAAACTGCTGGCCTTGAGTAGTGCAGAGGTAGGTGGAATTCCCGGTGTAGCGGTGGAATGCGTAGATATCGGGAGGAACACCAGTGGCGAAGGCGACCTACTGGGCACCAACTGACGCTGAGGCTCGAAAGCATGGGTAG",-0.0456021509977087,-0.01412904023265
"GCAAGCGTTGTCCGGATTTACTGGGTGTAAAGGGTGCGTAGGCGGCTTTGCAAGTCAGATGTGAAATCTATGGGCTCAACCCATAAACTGCATTTGAAACTGTAGAGCTTGAGTGAAGTAGAGGCAGGCGGAATTCCCCGTGTAGCGGTGAAATGCGTAGAGATGGGGAGGAACACCAGTGGCGAAGGCGGCCTGCTGGGCTTTAACTGACGCTGAGGCACGAAAGCGTGGGTAG",-0.0449977851175597,0.00370357685158758
"GCGAGCGTTATCCGGATTTATTGGGTGTAAAGGGTTCGTAGGCGGGAAAGTAAGTCAGTATGTGAAATCCCTCGGCTCAACCGAGGAACTGCAATTGAAACTATTTTTCTTGAGTACTGGAGGGGAAAGTGGAATTCTTAGTGTAGCGGTGAAATGCGTAGATATTAGGAAGAACACCAGTGGCGAAGGCGACTTTCTGGACAGTAACTGACGCTGAGGAACGAAAGTGTGGGGA",-0.0300853544674003,-0.026442716599961
"GCGAGCGTTATCCGGAATTATTGGGCGTAAAGGGAGCGTAGGCGGATAATTAAGTGGGATGTGAAATACTCAGGCTCAACCTGGGGGCTGCATTCCAAACTGATTATCTAGAGTGCAGGAGAGGAGAGTGGAATTCCTAGTGTAGCGGTGAAATGCGTAGAGATTAGGAAGAACACCAGTGGCGAAGGCGACTCTCTGGACTGTAACTGACGCTGAGGCTCGAAAGCGTGGGGAG",-0.0198191686460685,0.057034665295047
"CCGAGCGTTGTCCGGAATCATTGGGCGTAAAGGGTACGTAGGCGGGTTTTTAAGTTAGAAGTCAAAGGCTATAGCTCAACTATAGTAAGCTTCTAAAACTGGGAACCTTGAGTAATGGAAGGGAAAGTGGAATTCCTAGTGTAGCGGTGGAATGCGCAGATATTAGGAGGAATACCGGTGGCGAAGGCGACTTTCTGGCCATTAACTGACGCTGAGGTACGAAAGCGTGGGTAGC",-0.0430993202518717,-0.0156704327286435
"CCGAGCGTTGTCCGGAATCATTGGGCGTAAAGGGTACGTAGGCGGGTCATTAAGTTAGAAGTCAAAGGCTATAGCTCAACTATAGTAAGCTTCTAAAACTGGAGACCTTGAGTAATGGAAGGGAAAGTGGAATTCCTAGTGTAGCGGTGGAATGCGCAGATATTAGGAGGAATACCGGTGGCGAAGGCGACTTTCTGGCCATTAACTGACGCTGAGGTACGAAAGCGTGGGTAGC",-0.0142332161241431,0.0222715657325509
"CCGAGCGTTGTCCGGAATCATTGGGCGTAAAGGGTACGTAGGCGGTTAGAAAAGTTAGAAGTGAAAGGCTATAGCTCAACTATAGTAAGCTTTTAAAACTGTTTAACTTGAGAGATGGAAGGGAAAGTGGAATTCCTAGTGTAGCGGTGAAATGCGCAGATATTAGGAGGAATACCGGTGGCGAAGGCGACTTTCTGGCCATTATCTGACGCTGAGGTACGAAAGCGTGGGTAGC",-0.0180262906675071,0.007276984774421
"CCGAGCGTTGTCCGGAATCATTGGGCGTAAAGGGTACGTAGGCGGCTAGAAAAGTTAGAAGTCAAAGGCTATAGCTCAACTATAGTAAGCTTCTAAAACTATTTAGCTTGAGAGATGGAAGGGAAAGTGGAATTCCTAGTGTAGCGGTGGAATGCGCAGATATTAGGAGGAATACCGGTGGCGAAGGCGACTTTCTGGCCATTTTCTGACGCTGAGGTACGAAAGCGTGGGTAGC",-0.0426975507088865,-0.00318425325281991
"CCGAGCGTTGTCCGGAATCATTGGGCGTAAAGGGTACGTAGGCGGGTAAGCAAGTTAGAAGTGAAATCCTATAGCTCAACTATAGTAAGCTTTTAAAACTGCTCATCTTGAGGTATGGAAGGGAAAGTGGAATTCCTAGTGTAGCGGTGAAATGCGCAGATATTAGGAGGAATACCGGTGGCGAAGGCGACTTTCTGGCCATAACCTGACGCTGAGGTACGAAAGCGTGGGTAGC",0.0611983581459457,0.0900827091169808
"CCGAGCGTTGTCCGGAATCATTGGGCGTAAAGGGTACGTAGGCGGGTAAGCAAGTTAGAAGTGAAATCCTGTAGCTCAACTACAGTAAGCTTTTAAAACTGCTCATCTTGAGATATGGAAGGGAAAGTGGAATTCCTAGTGTAGCGGTGAAATGCGCAGATATTAGGAGGAATACCGGTGGCGAAGGCGACTTTCTGGCCATAATCTGACGCTGAGGTACGAAAGCGTGGGTAGC",-0.0231995723735232,-0.00146880192308592
"CCGAGCGTTATCCGGAATCATTGGGCGTAAAGGGTACGTAGGCGGTTAAATAAGTTAGAAGTGAAATCCCATAGCTCAACTATAGTAAGCTTCTAAAACTGTATAACTTGAGAAATGAAAGGGAAAGTGGAATTCCTAGTGTAGCGGTGAAATGCGCAGATATTAGGAGGAATACCGGTGGCGAAGGCGACTTTCTGGTCATATTCTGACGCTGAGGTACGAAAGCGTGGGTAGC",-0.0482354841248352,-0.0163346566592299
"CCGAGCGTTGTCCGGAATCATTGGGCGTAAAGGGTACGTAGGCGGGTAAGCAAGTTAGAAGTGAAATCCTATAGCTCAACTATAGTAAGCTTTTAAAACTGCTCATCTTGAGATATGGAAGGGAAAGTGGAATTCCTAGTGTAGCGGTGAAATGCGCAGATATTAGGAGGAATACCGGTGGCGAAGGCGACTTTCTGGCCATAATCTGACGCTGAGGTACGAAAGCGTGGGTAGC",-0.044101564495325,-0.0139523944990902
"CCGAGCGTTGTCCGGAATCATTGGGCGTAAAGGGTACGTAGGCGGATAAGCAAGTTAGAAGTGAAATCCTATAGCTCAACTATAGTAAGCTTTTAAAACTGTTCATCTTGAGGTATGGAAGGGAAAGTGGAATTCCTAGTGTAGCGGTGAAATGCGCAGATATTAGGAGGAATACCGGTGGCGAAGGCGACTTTCTGGCCATAAACTGACGCTGAGGTACGAAAGCGTGGGTAGC",-0.0378367310130985,-0.0058504332985532
"CCGAGCGTTGTCCGGAATCATTGGGCGTAAAGGGTACGTAGGCGGATAAGCAAGTTAGAAGTGAAATCCTATAGCTCAACTATAGTAAGCTTTTAAAACTGCTCATCTTGAGGTATGGAAGGGAAAGTGGAATTCCTAGTGTAGCGGTGAAATGCGCAGATATTAGGAGGAATACCGGTGGCGAAGGCGACTTTCTGGCCATAAACTGACGCTGAGGTACGAAAGCGTGGGTAGC",0.0296738235445501,0.0641897386896573
"CCGAGCGTTGTCCGGAATCATTGGGCGTAAAGGGTACGTAGGCGGATAAGCAAGTTAGAAGTTAAATCCTATAGCTCAACTATAGCAAGCTTTTAAAACTGCTCATCTTGAGGTATGGAAGGGAAAGTGGAATTCCTAGTGTAGCGGTGAAATGCGCAGATATTAGGAGGAATACCGGTGGCGAAGGCGACTTTCTGGCCATAAACTGACGCTGAGGTACGAAAGCGTGGGTAGC",-0.0086806698949101,0.0585897773447474
"CCGAGCGTTGTCCGGAATCATTGGGCGTAAAGGGTACGTAGGCGGCCCAGTAAGTTAGAAGTGAAATAATATAGCTCAACTATATAAAGCTTTTAAAACTGCTAGGCTTGAGAGATGGAAGGGAAAGTGGAATTCCTAGTGTAGCGGTGAAATGCGCAGATATTAGGAAGAATACCGGTGGCGAAGGCGACTTTCTGGTCATCATCTGACGCTGAGGTACGAAAGCGTGGGTAGC",0.00985460554392318,0.0539845401433366
"CCGAGCGTTGTCCGGAATCATTGGGCGTAAAGGGTACGTAGGCGGCCTAGTAAGTTAGAAGTTAAAGAATATAGCTCAACTATATAAAGCTTTTAAAACTGCTAGGCTTGAGAGATGGAAGGGAAAGTGGAATTCCTAGTGTAGCGGTGAAATGCGCAGATATTAGGAAGAATACCGGTGGCGAAGGCGACTTTCTGGTCATCATCTGACGCTGAGGTACGAAAGCGTGGGTAGC",0.00471826274800631,0.106685155037571
"CCGAGCGTTGTCCGGAATCATTGGGCGTAAAGGGTACGTAGGCGGCCTATTAAGTTAGAAGTGAAATAATATAGCTCAACTATATAAAGCTTTTAAAACTGGTAGGCTTGAGAGATGGAAGGGAAAGTGGAATTCCTAGTGTAGCGGTGAAATGCGCAGATATTAGGAAGAATACCGGTGGCGAAGGCGACTTTCTGGTCATCATCTGACGCTGAGGTACGAAAGCGTGGGTAGC",-0.0391781088974563,-0.0219248898010943
"CCGAGCGTTGTCCGGAATCATTGGGCGTAAAGGGTACGTAGGCGGCCTAGTAAGTTAGAAGTGAAATAATATAGCTCAACTATATAAAGCTTTTAAAACTGTTAGGCTTGAGAGATGAAAGGGAAAGTGGAATTCCTAGTGTAGCGGTGAAATGCGCAGATATTAGGAAGAATACCGGTGGCGAAGGCGACTTTCTGGTCATCATCTGACGCTGAGGTACGAAAGCGTGGGTAGC",-0.0278040961254853,0.019693982143599
"CCGAGCGTTGTCCGGAATCATTGGGCGTAAAGGGTACGTAGGCGGCCTAGTAAGTTAGAAGTGAAATAATATAGCTCAACTATATAAAGCTTTTAAAACTGCTAGGCTTGAGAGATGGAAGGGAAAGTGGAATTCCTAGTGTAGCGGTGAAATGCGCAGATATTAGGAAGAATACCGGTGGCGAAGGCGACTTTCTGGTCATCATCTGACGCTGAGGTACGAAAGCGTGGGTAGC",-0.0417727804218516,-0.0126230985512893
"CCGAGCGTTGTCCGGAATCATTGGGCGTAAAGGGTACGTAGGCGGCCTAGTAAGTTAGAAGTGAAAGAATATAGCTCAACTATATAAAGCTTTTAAAACTGTTAGGCTTGAGAGATGAAAGGGAAAGTGGAATTCCTAGTGTAGCGGTGAAATGCGCAGATATTAGGAAGAATACCGGTGGCGAAGGCGACTTTCTGGTCATCATCTGACGCTGAGGTACGAAAGCGTGGGTAGC",-0.00347031172138354,0.0891359514031883
"CCGAGCGTTGTCCGGAATCATTGGGCGTAAAGGGTACGTAGGCGGCCTAGTAAGTTAGAAGTGAAATAATATAGCTCAACTATATAAAGCTTTTAAAACTGCAAGGCTTGAGAGATGGAAGGGAAAGTGGAATTCCTAGTGTAGCGGTGAAATGCGCAGATATTAGGAAGAATACCAGTGGCGAAGGCGACTTTCTGGTCATCCTCTGACGCTGAGGTACGAAAGCGTGGGTAGC",-0.0426332805082929,-0.0132994017514587
"GCAAGCGTTGTCCGGAATTATTGGGCGTAAAGGGTACGTAGGCGGTTATTTAAGTCCTAATTAAAAGGCAATGGCTCAACCATTGTAAGGTTAGGAAACTAGATAACTTGAGTAGATGAGGGGAAAGTGGAATTCCATGTGTAGCGGTGAAATGCGTAGATATATGGAGGAACACCTGTGGCGAAGGCGACTTTCTGGAATCAAACTGACGCTGAGGTACGAAGGCGTGGGGAGC",-0.0277689037574605,-0.00786968532360761
"GCGAGCGTTGTCCGGAATTATTGGGCGTAAAGGGTACGCAGGCGGTTTAATAAGTCGAATGTTAAAGATCGGGGCTCAACCCCGTAAAGCATTGGAAACTGATAAACTTGAGTAGTGGAGAGGAAAGTGGAATTCCTAGTGTAGTGGTGAAATACGTAGATATTAGGAGGAATACCAGTAGCGAAGGCGACTTTCTGGACACAAACTGACGCTGAGGTACGAAAGCGTGGGGAGC",0.160124248822194,0.100240426193796
"GCGAGCGTTGTCCGGAATTATTGGGCGTAAAGGGTACGTAGGCGGTTTAACAAGTCAGATGTTAAAACTTGAGGCTTAACCTCATGTTGCATTTGAAACTGTAAAACTTGAGTAGTGGAGAGGAAAGTGGAATTCCTAGTGTAGCGGTGAAATGCGTAGATATTAGGAGGAATACCAGTAGCGAAGGCGACTTTCTGGACACAAACTGACGCTGAGGTACGAAAGCGTGGGGAGC",-0.025107994882577,-0.000630285240689862
"GCGAGCGTTGTCCGGAATTATTGGGCGTAAAGGGTACGTAGGCGGTTTGCCAAGTCAGATGTTAAAACTTGAGGCTTAACCTCATGTTGCATTTGAAACTGTCAAACTTGAGTAGTGGAGAGGAAAGTGGAATTCCTAGTGTAGCGGTGAAATGCGTAGATATTAGGAGGAATACCAGTAGCGAAGGCGACTTTCTGGACACAAACTGACGCTGAGGTACGAAAGCGTGGGGAGC",-0.04288589920291,-0.0217447652138099
"GCGAGCGTTGTCCGGAATTATTGGGCGTAAAGGGTACGTAGGCGGTTTTTTAAGTCAGGTGTCAAAGCGTGGAGCTTAACTCCATTAAGCACTTGAAACTGAAAGACTTGAGTGAAGGAGAGGAAAGTGGAATTCCTAGTGTAGCGGTGAAATGCGTAGATATTAGGAGGAATACCGGTGGCGAAGGCGACTTTCTGGACTTTTACTGACGCTCAGGTACGAAAGCGTGGGGAGC",0.0138569315818361,-0.0354957443764075
"GCTAGCGTTGTCCGGAATCACTGGGCGTAAAGGGTTCGCAGGCGGAAATGCAAGTCAGATGTAAAAGGCAGTAGCTTAACTACTGTAAGCATTTGAAACTGCATATCTTGAGAAGAGTAGAGGTAAGTGGAATTTTTAGTGTAGCGGTGAAATGCGTAGATATTAAAAAGAATACCGGTGGCGAAGGCGACTTACTGGGCTCATTCTGACGCTGAGGAACGAAAGCGTGGGTAGC",0.0124266741954508,0.0700343187240588
"GCTAGCGTTGTCCGGAATCACTGGGCGTAAAGGGTTCGCAGGCGGAAATGCAAGTCAGGTGTAAAAGGCAGTAGCTTAACTACTGTAAGCATTTGAAACTGCATATCTTGAGAAGAGTAGAGGTAAGTGGAATTTTTAGTGTAGCGGTGAAATGCGTAGATATTAAAAAGAATACCGGTGGCGAAGGCGACTTACTGGGCTCATTCTGACGCTGAGGAACGAAAGCGTGGGTAGC",0.0999457895495781,0.0837758341957025
"GCTAGCGTTGTCCGGAATCACTGGGCGTAAAGGGTTCGCAGGCGGCAATGCAAGTCAGATGTAAAAGGCAAAGGCTCAACCTTTGTAAGCATCTGAAACTGTATAGCTTGAGAAGTGTAGAGGCAAGTGGAATTTTTAGTGTAGCGGTGAAATGCGTAGATATTAAAAAGAATACCGGTGGCGAAGGCGACTTGCTGGGCACAATCTGACGCTGAGGAACGAAAGCGTGGGGAGC",0.0258178982678151,0.00985767827101996
"GCTAGCGTTGTCCGGAATCACTGGGCGTAAAGGGTTCGCAGGCGGAATAACAAGTCAGATGTGAAAGGCATGGGCTCAACCCATGTAAGCATTTGAAACTGTAATTCTTGAGAAGTGGAGAGGTAAGTGGAATTCCTAGTGTAGCGGTGAAATGCGTAGATATTAGGAGGAATACCTGTGGCGAAGGCGACTTACTGGACACAAATCTGACGCTGAGGAACGAAAGCGTGGGTAG",0.0198374688980457,0.0144485829282028
"GCAAGCGTTGTCCGGAATCACTGGGCGTAAAGGGTTCGCAGGCGGAAATGCAAGTCAGTTGTGAAAGGCAGAGGCTCAACCTCTGTAAGCAATTGAAACTGTATTTCTTGAGATGTGGAGAGGCAAGTGGAATTCCTAGTGTAGCGGTGAAATGCGTAGATATTAGGAAGAATACCGGTGGCGAAGGCGACTTGCTGGACACAAACTGACGCTGAGGAACGAAAGCGTGGGTAGC",-0.0326404482344233,-0.0201353459393582
"GCGAGCGTTGTCCGGAATCACTGGGCGTAAAGGGTTCGCAGGCGGATAAACAAGTCAAGAGTAAAAGGCATGGGCTTAACCCATGTAAGCTATTGAAACTGTCTATCTTGAGATGTGGAGAGGTAAGTGGAATTACTAGTGTAGCGGTGAAATGCGTAGATATTAGTAGGAATACCAGTAGCGAAGGCGACTTACTGGACACAAACTGACGCTGAGGAACGAAAGCGTGGGTAGC",-0.045062863817949,-0.0172096740312978
"GCGAGCGTTGTCCGGAATCACTGGGCGTAAAGGGTTCGCAGGCGGATAAACAAGTCAAGAGTAAAAGGCATGGGCTTAACCCATGTAAGCTATTGAAACTGTTTATCTTGAGATGTGGAGAGGTAAGTGGAATTACTAGTGTAGCGGTGAAATGCGTAGATATTAGTAGGAATACCAGTAGCGAAGGCGACTTACTGGACACAAACTGACGCTGAGGAACGAAAGCGTGGGTAGC",-0.037062786711984,-0.0145179617036684
"GCGAGCGTTGTCCGGAATCACTGGGCGTAAAGGGTTCGCAGGCGGTCTACCAAGTCTGATGTGAAAGGCATGGGCTTAACCCATGTAAGCATTGGAAACTGATAGACTTGAGTTAAGGAGAGGTAAGTGGAATTCCTAGTGTAGCGGTGAAATGCGTAGATATTAGGAAGAATACCGGTGGCGAAGGCGACTTACTGGACTTAAACTGACGCTGAGGAACGAAAGCGTGGGGAGC",-0.043062128292027,-0.00953619744129404
"GCGAGCGTTGTCCGGAATCACTGGGCGTAAAGGGTTCGCAGGCGGTCTACCAAGTCCGATGTGAAAGGCATGGGCTCAACCCATGTAAGCATTGGAAACTGGTAGACTTGAGTTAAGGAGAGGTAAGTGGAATTCCTAGTGTAGCGGTGAAATGCGTAGATATTAGGAAGAATACCGGTGGCGAAGGCGACTTACTGGACTTAAACTGACGCTGAGGAACGAAAGCGTGGGGAGC",-0.0345174534978113,-0.0220252650371877
"GCGAGCGTTGTCCGGAATCACTGGGCGTAAAGGGTTCGCAGGCGGTTTACCAAGTCCGATGTGAAAGGCATGGGCTCAACCCATGTAAGCATTGGAAACTGGTAGACTTGAGTTAAGGAGAGGTAAGTGGAATTCCTAGTGTAGCGGTGAAATGCGTAGATATTAGGAAGAATACCGGTGGCGAAGGCGACTTACTGGACTTAAACTGACGCTGAGGAACGAAAGCGTGGGGAGC",-0.038497507898428,-0.00740610912980193
"GCAAGCGTTGTCCGGAATCACTGGGCGTAAAGGGTTCGCAGGCGGCAATGCAAGTCTCGTGTGAAAGGCAAGGGCTCAACCCTTGTAAGCACAAGAAACTGCATAGCTTGAGTAGTGGAGAGGCAAGTGGAATTCCTAGTGTAGCGGTGAAATGCGTAGATATTAGGAGGAATACCGGTGGCGAAGGCGACTTGCTGGACACAAACTGACGCTGAGGAACGAAAGCGTGGGGAGC",-0.0406089900949281,-0.020834632115181
"GCGAGCGTTGTCCGGAATTACTGGGCGTAAAGGGTTCGCAGGCGGCATGGCAAGTCCGATGTAAAAGGCGAAGGCTCAACCTTCGTAAGCATCGGAAACTGTCAAGCTTGAGTGAAGGAGAGGCAAGTGGAATTCCTAGTGTAGCGGTGGAATGCGTAGATATTAGGAGGAATACCGGTGGCGAAGGCGACTTGCTGGACTTCAACTGACGCTGAGGAACGAAAGCGTGGGTAGC",-0.00128281382991619,0.000156909429124333
"GCGAGCGTTGTCCGGAATTACTGGGCGTAAAGGGTTCGCAGGCGGCATGACAAGTCCGATGTAAAAGGCGAAAGCTCAACTTTCGTAAGCATCGGAAACTGTCAAGCTTGAGTGAAGGAGAGGCAAGTGGAATTCCTAGTGTAGCGGTGGAATGCGTAGATATTAGGAGGAATACCGGTGGCGAAGGCGACTTGCTGGACTTCAACTGACGCTGAGGAACGAAAGCGTGGGTAGC",-0.00391700770861371,0.0329920672418194
"GCAAGCGTTATCCGGAATTATTGGGCGTAAAGAGTGCGTAGGTGGTGGCTTAAGCGCAGGGTTTAAGGCAATGGCTTAACTATTGTTCGCCTTGCGAACTGGGTCACTTGAGTACAGGAGAGGAAAGCGGAATTCCTAGTGTAGCGGTGAAATGCATAGATATTAGGAGGAACACCGGTGGCGAAGGCGGCTTTCTGGACTGCAACTGACACTGAGGCACGAAAGCGTGGGTAGC",-0.0350496170936633,-0.0143062668802465
"CCGAGCGTTGTCCGGATTTATTGGGCGTAAAGCGAGCGCAGGCGGTTAGATAAGTCTGAAGTTAAAGGCTGTGGCTTAACCATAGTACGCTTTGGAAACTGTTTAACTTGAGTGCAAGAGGGGAGAGTGGAATTCCATGTGTAGCGGTGAAATGCGTAGATATATGGAGGAACACCGGTGGCGAAAGCGGCTCTCTGGCTTGTAACTGACGCTGAGGCTCGAAAGCGTGGGGAGC",-0.00281006108796275,0.0143132259859317
"CCGAGCGTTATCCGGATTTATTGGGCGTAAAGCGAGCGCAGGCGGTTAGATAAGTCTGAAGTTAAAGGCTGTGGCTTAACCATAGTACGCTTTGGAAACTGTTTAACTTGAGTGCAGAAGGGGAGAGTGGAATTCCATGTGTAGCGGTGAAATGCGTAGATATATGGAGGAACACCGGTGGCGAAAGCGGCTCTCTGGTCTGTAACTGACGCTGAGGCTCGAAAGCGTGGGGAGC",-0.0433666034476765,-0.0113080705348043
"CCGAGCGTTGTCCGGATTTATTGGGCGTAAAGCGAGCGCAGGCGGTTAGAAAAGTCTGAAGTGAAAGGCAGTGGCTCAACCATTGTAGGCTTTGGAAACTGTTTAACTTGAGTGCAGAAGGGGAGAGTGGAATTCCATGTGTAGCGGTGAAATGCGTAGATATATGGAGGAACACCGGTGGCGAAAGCGGCTCTCTGGTCTGTAACTGACGCTGAGGCTCGAAAGCGTGGGGAGC",0.0415444702358832,0.133729521405793
"CCGAGCGTTGTCCGGATTTATTGGGCGTAAAGCGAGCGCAGGCGGTTTGATAAGTCTGAAGTTAAAGGCTGTGGCTCAACCATAGTTCGCTTTGGAAACTGTCAAACTTGAGTGCAGAAGGGGAGAGTGGAATTCCATGTGTAGCGGTGAAATGCGTAGATATATGGAGGAACACCGGTGGCGAAAGCGGCTCTCTGGTCTGTAACTGACGCTGAGGCTCGAAAGCGTGGGGAGC",-0.04072756371267,-0.0107549965831891
"CCGAGCGTTGTCCGGATTTATTGGGCGTAAAGCGAGCGCAGGCGGTTCTTTAAGTCTGAAGTTAAAGGCAGTGGCTTAACCATTGTACGCTTTGGAAACTGGAGGACTTGAGTGCAGAAGGGGAGAGTGGAATTCCATGTGTAGCGGTGAAATGCGTAGATATATGGAGGAACACCGGTGGCGAAAGCGGCTCTCTGGTCTGTAACTGACGCTGAGGCTCGAAAGCGTGGGGAGC",-0.0207061299820469,0.0298687972519571
"GCAAGCGTTGTCCGGATTTATTGGGCGTAAAGCGAGCGCAGGCGGTTTCTTAAGTCTGATGTGAAAGCCCCCGGCTCAACCGGGGAGGGTCATTGGAAACTGGGAGACTTGAGTGCAGAAGAGGAGAGTGGAATTCCATGTGTAGCGGTGAAATGCGTAGATATATGGAGGAACACCAGTGGCGAAGGCGGCTCTCTGGTCTGTAACTGACGCTGAGGCTCGAAAGCGTGGGGAG",-0.0115099020987501,0.00151957451517802
"GCAAGCGTTGTCCGAATTTATTGGGCGTAAAGCGAGCGCAGGCGGAAGAATAAGTCTGATGTGAAAGCCCTCGGCTTAACCGAGGAACTGCATCGGAAACTGTTTTTCTTGAGTGCAGAAGAGGAGAGTGGAACTCCATGTGTAGCGGTGGAATGCGTAGATATATGGAAGAACACCAGTGGCGAAGGCGGCTCTCTGGTCTGCAACTGACGCTGAGGCTCGAAAGCATGGGTAG",0.167503476471464,-0.391782523425115
"GCAAGCGTTGTCCGGATTTATTGGGCGTAAAGCGAGCGCAGGCGGAAGAATAAGTCTGATGTGAAAGCCCTCGGCTTAACCGAGGAACTGCATCGGAAACTGTTTTTCTTGAGTGCAGAAGAGGAGAGTGGAACTCCATGTGTAGCGGTGGAATGCGTAGATATATGGAAGAACACCAGTGGCGAAGGCGGCTCTCTGGTCTGCAACTGACGCTGAGGCTCGAAAGCATGGGTAG",0.302555345895336,-0.681975638450954
"GCAAGCGTTGTCCGGATTTATTGGGCGTAAAGCGAGTGCAGGCGGTTCGATAAGTCTGATGTGAAAGCCTTCGGCTCAACCGGAGAATTGCATCAGAAACTGTCGAGCTTGAGTACAGAAGAGGAGAGTGGAACTCCATGTGTAGCGGTGAAATGCGTAGATATATGGAAGAACACCGGTGGCGAAGGCGGCTCTCTGGTCTGTTACTGACGCTGAGGCTCGAAAGCATGGGTAG",0.214386292739648,0.0171955574004482
"GCAAGCGTTGTCCGGATTTATTGGGCGTAAAGCGAGCGCAGGCGGATTGATAAGTCTGATGTGAAAGCCTTCGGCTCAACCGAAGAACTGCATCAGAAACTGTCAATCTTGAGTGCAGAAGAGGAGAGTGGAACTCCATGTGTAGCGGTGGAATGCGTAGATATATGGAAGAACACCAGTGGCGAAGGCGGCTCTCTGGTCTGTAACTGACGCTGAGGCTCGAAAGCATGGGTAG",0.22361291577463,0.0614722170682041
"GCAAGCGTTGTCCGGATTTATTGGGCGTAAAGCGAGTGCAGGCGGTTCAATAAGTCTGATGTGAAAGCCTTCGGCTCAACCGGAGAATTGCATCAGAAACTGTTGAACTTGAGTGCAGAAGAGGAGAGTGGAACTCCATGTGTAGCGGTGGAATGCGTAGATATATGGAAGAACACCAGTGGCGAAGGCGGCTCTCTGGTCTGCAACTGACGCTGAGGCTCGAAAGCATGGGTAG",0.250553733479439,0.153785656810748
"GCAAGCGTTGTCCGGATTTATTGGGCGTAAAGCGAGTGCAGGCGGCTCGATAAGTCTGATGTGAAAGCCTTCGGCTCAACCGGAGAATTGCATCAGAAACTGTCGAGCTTGAGTACAGAAGAGGAGAGTGGAACTCCATGTGTAGCGGTGAAATGCGTAGATATATGGAAGAACACCGGTGGCGAAGGCGGCTCTCTGGTCTGTTACTGACGCTGAGGCTCGAAAGCATGGGTAG",0.291523241732417,0.0902986054109013
"GCAAGCGTTATCCGGATTTATTGGGCGTAAAGCGAGCGCAGGCGGTTGCTTAGGTCTGATGTGAAAGCCTTCGGCTTAACCGAAGAAGTGCATCGGAAACCGGGCGACTTGAGTGCAGAAGAGGACAGTGGAACTCCATGTGTAGCGGTGGAATGCGTAGATATATGGAAGAACACCAGTGGCGAAGGCGGCTGTCTGGTCTGCAACTGACGCTGAGGCTCGAAAGCATGGGTAG",0.0238958072123985,0.0618008402906281
"GCAAGCGTTATCCGGATTTATTGGGCGTAAAGCGAGCGCAGGCGGTTGCTTAGGTCTGATGTGAAAGCCTTCGGCTTAACCGAAGAAGGGCATCGGAAACCGGGCGACTTGAGTGCAGAAGAGGACAGTGGAACTCCATGTGTAGCGGTGGAATGCGTAGATATATGGAAGAACACCAGTGGCGAAGGCGGCTGTCTGGTCTGCAACTGACGCTGAGGCTCGAAAGCATGGGTAG",-0.0410983042055599,0.0316264364530396
"GCAAGCGTTATCCGGATTTATTGGGCGTAAAGCGAGCGCAGGCGGTTTTCTAAGTCTGATGTGAAAGCCTTCGGCTTAACCGGAGAAGGGCATCGGAAACTGGATAACTTGAGTGCAAGAGAGGACAGTGGAACTCCATGTGTAGCGGTGGAATGCGTAGATATATGGAAGAACACCAGTGGCGAAGGCGGCTGTCTAGCTTGCAACTGACGCTGAGGCTCGAAAGCATGGGTAG",-0.00416002365113364,-0.00304035719447491
"GCAAGCGTTGTCCGGATTTATTGGGCGTAAAGGGGGCGCAGGCGGTTTCTTAAGTCTGATGTGAAAGCCCACGGCTTAACCGTGGAAGTGCATTGGAAACTGGGGAACTTGAGTACAGAAGAGGAAAGTGGAACTCCATGTGTAGCGGTGGAATGCGTAGATATATGGAAGAACACCAGTGGCGAAGGCGACTTTCTGGTCTGTCACTGACGCTGAGGCCCGAAAGCGTGGGTAG",-0.0446649915853301,-0.0161286097639132
"GCAAGCGTTGTCCGGATTTATTGGGCGTAAAGGGGGCGCAGGCTGCTTCTTAAGTCTGATGTGAAAGCCCACGGCTTAACCGTGGAAGTGCATTGGAAACTGGGAAGCTTGAGTACAGAAGAGGAAAGTGGAACTCCATGTGTAGCGGTGGAATGCGTAGATATATGGAAGAACACCAGTGGCGAAAGCGACTTTCTGGTCTGTCACTGACGCTGAGGCCCGAAAGCGTGGGTAG",0.0423320236152662,-0.0132359520528141
"GCAAGCGTTGTCCGGATTTATTGGGCGTAAAGGGGGCGCAGGCTGTTTCTTAAGTCTGATGTGAAAGCCCACGGCTTAACCGTGGAAGTGCATTGGAAACTGGGAAGCTTGAGTACAGAAGAGGAAAGTGGAACTCCATGTGTAGCGGTGGAATGCGTAGATATATGGAAGAACACCAGTGGCGAAAGCGACTTTCTGGTCTGTCACTGACGCTGAGGCCCGAAAGCGTGGGTAG",0.00878380293373175,-0.028568903875446
"GCAAGCGTTATCCGGAATTATTGGGCGTAAAGCGCGCGTAGGCGGTTTTTTAAGTCTGATGTGAAAGCCCACGGCTCAACCGTGGAGGGTCATTGGAAACTGGAAAACTTGAGTGCAGAAGAGGAAAGTGGAATTCCATGTGTAGCGGTGAAATGCGCAGAGATATGGAGGAACACCAGTGGCGAAGGCGACTTTCTGGTCTGTAACTGACGCTGATGTGCGAAAGCGTGGGGAT",0.118652957823523,0.0767649813973634
"GCAAGCGTTATCCGGAATTATTGGGCGTAAAGCGCGCGTAGGCGGTTTTTTAAGTCTGATGTGAAAGCCCACGGCTCAACCGTGGAGGGTCATTGGAAACTGTAAAACTTGAGTGCAGAAGAGGAAAGTGGAATTCCATGTGTAGCGGTGAAATGCGCAGAGATATGGAGGAACACCAGTGGCGAAGGCGACTTTCTGGTCTGTAACTGACGCTGATGTGCGAAAGCGTGGGGAT",-0.027858107722816,0.00825242124222218
"GCAAGCGTTGTCCGGATTTATTGGGCGTAAAGGGAGCGCAGGCGGTGACTTAAGTCTGATGTGAAAGCCCACGGCTCAACCGTGGAGGGTCATTGGAAACTGGGTCACTTGAGTGCAGAAGAGGAAAGTGGAATTCCATGTGTAGCGGTGAAATGCGTAGATATATGGAGGAACACCAGTGGCGAAGGCGACTTTCTGGTCTGTAACTGACGCTGAGGCTCGAAAGCGTGGGGAG",0.0169923389579524,0.0265280214078612
"GCAAGCGTTATCCGGATTTATTGGGCGTAAAGGGAGCGCAGGCGGTTGATTAAGTCTGATGTGAAAGCCCACGGCTCAACCGTGGAGTTGCATTGGAAACTGGTCAACTTGAGTACAGAAGAGGAAAGCGGAATTCCATGTGTAGCGGTGAAATGCGTAGATATATGGAGGAACACCAGTGGCGAAGGCGGCTTTCTGGTCTGAAACTGACGCTGAGGCTCGAAAGCGTGGGGAG",-0.0251334162581116,-0.0128439320528775
"GCAAGCGTTGTCCGGAATTATTGGGCGTAAAGCGCGCGCAGGTGGTTTAATAAGTCTGATGTGAAAGCCCACGGCTCAACCGTGGAGGGTCATTGGAAACTGTTAAACTTGAGTGCAGGAGAGAAAAGTGGAATTCCTAGTGTAGCGGTGAAATGCGTAGAGATTAGGAGGAACACCAGTGGCGAAGGCGGCTTTTTGGCCTGTAACTGACACTGAGGCGCGAAAGCGTGGGGAG",-0.0347277877454661,-0.0115988283289133
"GCAAGCGTTGTCCGGAATTATTGGGCGTAAAGCGCGCGCAGGTGGTTTAGAAAGTCTGATGTGAAAGCCCACGGCTCAACCGTGGAGGGTCATTGGAAACTAATAAACTTGAGTGCAGGAGAGAAAAGTGGAATTCCTAGTGTAGCGGTGAAATGCGTAGAGATTAGGAGGAACACCGGTGGCGAAAGCGGCTTTTTGGCCTGCAACTGACACTGAGGCGCGAAAGCGTGGGGAG",-0.00142765515951423,-0.0355039626213204
"GCAAGCGTTATCCGGAATTATTGGGCGTAAAGCGTTCGTAGGCTGTTTGTTAAGTCTGGAGTTAAATCCCGGGGCTCAACCCCGGCTCGCTTTGGATACTAGCAAACTAGAGTTAGATAGAGGTAAGCGGAATTCCATGTGAAGCGGTGAAATGCGTAGATATATGGAAGAACACCAAAGGCGAAGGCAGCTTACTGGGTCTATACTGACGCTGAGGGACGAAAGCGTGGGGAGC",0.0375324122711337,0.0153576777178589
"GCAAGCGTTATCCGGATTTACTGGGCGTAAAACGAGCGCAGGCGGGTTTGTAAGTTTGGTATTAAATCTAGATGCTTAACGTCTAGCTGTATCAAAAACTGTAAACCTAGAGTGTAGTAGGGAGTTGGGGAACTCCATGTGGAGCGGTAAAATGCGTAGATATATGGAAGAACACCGGTGGCGAAGGCGCCAACTTGGACTATCACTGACGCTTAGGCTCGAAAGTGTGGGGAGC",0.172899004245774,0.129612102315534
"GCGAGCGTTATCCGGAATTATTGGGCGTAAAGGGTGCGTAGGCGGTCTGTTAAGTTCATGGTTAAATTTTGGGGCTCAACCCCATTGAGCCATGGATACTGGCAGACTAGAGTATTGGAGAGGCAAGCGGAATTCCATGTGTAGCGGTAAAATGCGTAGATATATGGAGGAACACCGGTGGCGAAGGCGGCTTGCTAGCCAAAGACTGACGCTCAGGCACGAAAGCGTGGGGAGC",-0.0386096342475775,-0.0286155593410868
"GCAAGCGTTGTCCGGAATTATTGGGCGTAAAGCGCGCGCAGGCGGATTGGTCAGTCTGTCTTAAAAGTTCGGGGCTTAACCCCGTGATGGGATGGAAACTGCCAATCTAGAGTATCGGAGAGGAAAGTGGAATTCCTAGTGTAGCGGTGAAATGCGTAGATATTAGGAAGAACACCAGTGGCGAAGGCGACTTTCTGGACGAAAACTGACGCTGAGGCGCGAAAGCCAGGGGAGC",-0.0256647040007157,0.0197302506352881
"GCAAGCGTTGTCCGGAATTATTGGGCGTAAAGCGCGCGCAGGCGGACTAGCCAGTCAGTCTTAAAAGTTCGGGGCTTAACCCCGTGATGGGATTGAAACTACTAGTCTAGAGTATCGGAGAGGAAAGTGGAATTCCTAGTGTAGCGGTGAAATGCGTAGATATTAGGAAGAACACCAGTGGCGAAGGCGACTTTCTGGACGAACACTGACGCTGAGGCGCGAAAGCCAGGGGAGC",-0.0262324788636356,-0.00250459951620417
"GCAAGCGTTGTCCGGAATTATTGGGCGTAAAGCGCGCGCAGGCGGCTACTTAAGTCCATCTTAAAAGTGCGGGGCTTAACCCCGTGATGGGATGGAAACTGAGAAGCTGGAGTGTCGGAGAGGAAAGTGGAATTCCTAGTGTAGCGGTGAAATGCGTAGAGATTAGGAAGAACACCGGTGGCGAAGGCGACTTTCTGGACGACAACTGACGCTTAGGCGCGAAAGCGTGGGGAGC",0.0625157295167375,-0.0292418158424485
"GCAAGCGTTGTCCGGAATTATTGGGCGTAAAGCGCGCGCAGGCGGCTTCCTAAGTCCATCTTAAAAGTGCGGGGCTTAACCCCGTGATGGGATGGAAACTGGGAAGCTGGAGTATCGGAGAGGAAAGTGGAATTCCTAGTGTAGCGGTGAAATGCGTAGAGATTAGGAAGAACACCGGTGGCGAAGGCGACTTTCTGGACGAAAACTGACGCTGAGGCGCGAAAGCGTGGGGAGC",0.0519496549567166,0.0830423646231088
"GCAAGCGTTGTCCGGAATTATTGGGCGTAAAGCGCGCGCAGGCGGTTTCTTAAGTCCATCTTAAAAGCGTGGGGCTCAACCCCATGAGGGGATGGAAACTGGGAAGCTGGAGTATCGGAGAGGAAAGTGGAATTCCTAGTGTAGCGGTGAAATGCGTAGAGATTAGGAAGAACACCGGTGGCGAAGGCGACTTTCTAGACGAAAACTGACGCTGAGGCGCGAAAGCGTGGGGAGC",-0.047891124249912,-0.0165593729927305
"GCAAGCGTTGTCCGGAATTATTGGGCGTAAAGCGCGCGCAGGCGGTCACTTAAGTCCATCTTAGAAGTGCGGGGCTTAACCCCGTGATGGGATGGAAACTGGGAGACTGGAGTATCGGAGAGGAAAGTGGAATTCCTAGTGTAGCGGTGAAATGCGTAGATATTAGGAAGAACACCGGTGGCGAAGGCGACTTTCTGGACGAAAACTGACGCTGAGGCGCGAAAGCGTGGGGAGC",0.0789761500142445,0.0533624597907661
"GCAAGCGTTGTCCGGAATTATTGGGCGTAAAGCGCGCGCAGGCGGTCACTTAAGTCCATCTTAGAAGTGCGGGGCTTAACCCCGTGAGGGGATGGAAACTGGGAGACTGGAGTATCGGAGAGGAAAGTGGAATTCCTAGTGTAGCGGTGAAATGCGTAGATATTAGGAAGAACACCGGTGGCGAAGGCGACTTTCTGGACGAAAACTGACGCTGAGGCGCGAAAGCGTGGGGAGC",-0.0373542627147836,-0.0247788555434747
"GCAAGCGTTGTCCGGAATTATTGGGCGTAAAGCGCGCGCAGGCGGTCTCTTAAGTCCATCTTAGAAGTGCGGGGCTTAACCCCGTGAGGGGATGGAAACTGGGAGACTGGAGTATCGGAGAGGAAAGTGGAATTCCTAGTGTAGCGGTGAAATGCGTAGATATTAGGAAGAACACCGGTGGCGAAGGCGACTTTCTGGACGAAAACTGACGCTGAGGCGCGAAAGCGTGGGGAGC",0.0143719239819827,-0.040884776394964
"GCAAGCGTTGTCCGGAATTATTGGGCGTAAAGCGCGCGCAGGCGGTCTCTTAAGTCCATCTTAGAAGTGCGGGGCTTAACCCCGTGATGGGATGGAAACTGGGAGACTGGAGTATCGGAGAGGAAAGTGGAATTCCTAGTGTAGCGGTGAAATGCGTAGATATTAGGAAGAACACCGGTGGCGAAGGCGACTTTCTGGACGAAAACTGACGCTGAGGCGCGAAAGCGTGGGGAGC",-0.0349061233553363,-0.0280457512600915
"GCAAGCGTTGTCCGGAATTATTGGGCGTAAAGAGCGCGTAGGCGGTATGATAAGTCTGTCTTAGAAGTGCGGGGCTTAACCCCGTGAGGGGACAGAGACTGTCATACTAGAGTCTCGGAGAGGAAAGCGGAATTCCTAGTGTAGCGGTGAAATGCGTAGAGATTAGGAAGAACACCGGTGGCGAAGGCGGCTTTCTGGACGAGCACTGACGCTGAGGCGCGAAAGCGTGGGGAGC",-0.0417989977963907,-0.0124635945793229
"GCAAGCGTTGTCCGGAATTATTGGGCGTAAAGAGCGCGTAGGCGGTATGGTAAGTCTGTCTTAGAAGTGCGGGGCTTAACCCCGTGAGGGGACAGAGACTGTCATACTGGAGTCTCGGAGAGGAAAGCGGAATTCCTAGTGTAGCGGTGAAATGCGTAGAGATTAGGAAGAACACCGGTGGCGAAGGCGGCTTTCTGGACGAGCACTGACGCTGAGGCGCGAAAGCGTGGGGAGC",-0.0465290107174485,-0.0112947247599121
"GCAAGCGTTGTCCGGAATTATTGGGCGTAAAGGGCGCGCAGGCGGCATCGCAAGTCGGTCTTAAAAGTGCGGGGCTTAACCCCGTGAGGGGACCGAAACTGTGAAGCTCGAGTGTCGGAGAGGAAAGCGGAATTCCTAGTGTAGCGGTGAAATGCGTAGATATTAGGAGGAACACCAGTGGCGAAAGCGGCTTTCTGGACGACAACTGACGCTGAGGCGCGAAAGCCAGGGGAGC",-0.0448672472725811,-0.0240610644067174
"GCAAGCGTTGTCCGGAATTATTGGGCGTAAAGGGCGCGCAGGCGGTTCGGTAAGTCTGTCTTAAAAGTGCGGGGCTTAACCCCGTGAGGGGACGGAAACTGTCGAACTTGAGTGTCGGAGAGGAAAGCGGAATTCCTAGTGTAGCGGTGAAATGCGTAGATATTAGGAGGAACACCGGTGGCGAAAGCGGCTTTCTGGACGACAACTGACGCTGAGGCGCGAAAGCGTGGGGAGC",0.211515850506134,0.00432405239090798
"GCAAGCGTTGTCCGGAATTATTGGGCGTAAAGGGCGCGCAGGCGGTTTTTTAAGTCGGTCTTAAAAGTGCGGGGCTTAACCCCGTGAGGGGACCGAAACTGGAAGACTTGAGTGTCGGAGAGGAAAGCGGAATTCCTAGTGTAGCGGTGAAATGCGTAGATATTAGGAGGAACACCGGTGGCGAAAGCGGCTTTCTGGACGACAACTGACGCTGAGGCGCGAAAGCGTGGGGAGC",-0.0212692908292908,-0.0160237042053683
"GCAAGCGTTGTCCGGAATTATTGGGCGTAAAGGGCGCGCAGGCGGTTCAGTCAGTCTGTCTTAAAAGTGCGGGGCTTAACCCCGTGAGGGGACGGAAACTGCTGAACTAGAGTATCGGAGAGGAAAGCAGAATTCCTAGTGTAGCGGTGAAATGCGTAGATATTAGGAGGAATACCAGTGGCGAAAGCGGCTTTCTGGACGAACACTGACGCTGAGGCGCGAAAGCCAGGGGAGC",-0.0475927998811636,-0.020470989367337
"GCAAGCGTTGTCCGGAATGATTGGGCGTAAAGGGCGCGCAGGCGGCTGTGTAAGTCTGTCCAGAAAGTGCGGGGCTAAACCCCGTGAGAGGATGGAAACTGGACAGCTGAGAGTGTCGGAGAGGAAAGCGGAATTCCTAGTGTAGCGGTGAAATGCGTAGATATTAGGAGGAACACCGGTGGCGAAAGCGGCTTTCTGGACGACAACTGACGCTGAGGCGCGAAAGCCAGGGGAG",-0.0445468850441287,-0.0150469250647654
"GCAAGCGTTGTCCGGAATGATTGGGCGTAAAGGGCGCGCAGGCGGCTGTGTAAGTCTGTCTAGAAAGTGCGGGGCTAAACCCCGTGAGAGGATGGAAACTGGACAGCTGAGAGTGTCGGAGAGGAAAGCGGAATTCCTAGTGTAGCGGTGAAATGCGTAGATATTAGGAGGAACACCGGTGGCGAAAGCGGCTTTCTGGACGACAACTGACGCTGAGGCGCGAAAGCCAGGGGAG",-0.042659591717964,-0.0180151176432367
"GCAAGCGTTGTCCGGAATTATTGGGCGTAAAGAGCATGTAGGCGGGCTTTTAAGTCTGACGTGAAAATGCGGGGCTTAACCCCGTATGGCGTTGGATACTGGAAGTCTTGAGTGCAGGAGAGGAAAGGGGAATTCCCAGTGTAGCGGTGAAATGCGTAGATATTGGGAGGAACACCAGTGGCGAAGGCGCCTTTCTGGACTGTGTCTGACGCTGAGATGCGAAAGCCAGGGTAGC",-0.043900173351918,-0.0189850032565247
"GCGAGCGTTGTCCGGAATTACTGGGCGTAAAGGGCTCGTAGGTGGTTTGTCGCGTCGTCTGTGAAATTCCGGGGCTTAACTCCGGGCGTGCAGGCGATACGGGCATAACTTGAGTACTGTAGGGGTAACTGGAATTCCTGGTGTAGCGGTGAAATGCGCAGATATCAGGAGGAACACCGATGGCGAAGGCAGGTTACTGGGCAGTTACTGACGCTGAGGAGCGAAAGCATGGGTA",0.095596081635488,0.0746274255900942
"GCGAGCGTTGTCCGGAATTACTGGGCGTAAAGAGCTCGTAGGTGGTTTGTCGCGTCGTCTGTGAAATTCCGGGGCTTAACTTCGGGCGTGCAGGCGATACGGGCATAACTTGAGTGCTGTAGGGGAGACTGGAATTCCTGGTGTAGCGGTGAAATGCGCAGATATCAGGAGGAACACCGATGGCGAAGGCAGGTCTCTGGGCAGTTACTGACGCTGAGGAGCGAAAGCATGGGTA",0.0493847571977052,0.0263537626288434
"GCGAGCGTTGTCCGGAATTACTGGGCGTAAAGAGCTCGTAGGTGGTTTGTCGCGTCGTCTGTGAAATTCCGGGGCTTAACTCCGGGCGTGCAGGCGATACGGGCTGACTTGAGTGCTGTAGGGGAGACTGGAATTCCTGGTGTAGCGGTGAAATGCGCAGATATCAGGAGGAACACCGATGGCGAAGGCAGGTCTCTGGGCAGTAACTGACGCTGAGGAGCGAAAGCATGGGTAG",-0.0173262999656781,0.000510250322013479
"GCGAGCGTTGTCCGGAATTACTGGGCGTAAAGAGCTCGTAGGTGGTTTGTCGCGTCGTTTGTGTAAGCCCGCAGCTTAACTGCGGGACTGCAGGCGATACGGGCATAACTTGAGTGCTGTAGGGGAGACTGGAATTCCTGGTGTAGCGGTGGAATGCGCAGATATCAGGAGGAACACCGATGGCGAAGGCAGGTCTCTGGGCAGTAACTGACGCTGAGGAGCGAAAGCATGGGTA",-0.0270302031210335,-0.00812982681945232
"GCGAGCGTTGTCCGGAATTACTGGGCGTAAAGAGCTCGTAGGTGGTTTGTCGCGTCGTTTGTGTAAGCCCGCAGCTTAACTGCGGGACTGCAGGCGATACGGGCATAACTTGAGTGCTGTAGGGGAGACTGGAATTCCTGGTGTAGCGGTGGAATGCGCAGATATCAGGAGGAACACCGATGGCGAAGGCAGGTCTCTGGGCAGTAACTGACGCTGAGGAGCGAAAGCATGGGGA",0.0057454981417585,0.0318300066793729
"GCGAGCGTTGTCCGGAATTACTGGGCGTAAAGAGCTCGTAGGTGGTTTGTCGCGTCGTGTGTGAAATTCCGGGGCTTAACTTCGGGGTTGCATACGATACGGGCATAACTTGAGTGCTGTAGGGGAGACTGGAATTCCTGGTGTAGCGGTGAAATGCGCAGATATCAGGAGGAACACCGATGGCGAAGGCAGGTCTCTGGGCAGTAACTGACGCTGAGGAGCGAAAGCATGGGGA",0.051714253349604,0.0125241364732112
"GCGAGCGTTGTCCGGAATTACTGGGCGTAAAGAGCTCGTAGGTGGTTTGTCGCGTCGTTTGTGGAAGTCCACGGCTTAACTGTGGGACTGCAGGCGATACGGGCATAACTTGAGTGCTGTAGGGGAGACTGGAATTCCTGGTGTAGCGGTGAAATGCGCAGATATCAGGAGGAACACCGATGGCGAAGGCAGGTCTCTGGGCAGTAACTGACGCTGAGGAGCGAAAGCATGGGGA",-0.0301009621556768,-0.0132400401958044
"GCGAGCGTTGTCCGGAATTACTGGGCGTAAAGAGCTCGTAGGTGGTTTGTCGCGTCGTTTGTGTAAGTCCACAGCTTAACTGTGGGACTGCAGGCGATACGGGCATAACTTGAGTGCTGTAGGGGAGACTGGAATTCCTGGTGTAGCGGTGAAATGCGCAGATATCAGGAGGAACACCGATGGCGAAGGCAGGTCTCTGGGCAGTAACTGACGCTGAGGAGCGAAAGCATGGGTA",0.0160238616298962,0.0639405051663649
"GCGAGCGTTGTCCGGAATTACTGGGCGTAAAGAGCTCGTAGGTGGTTTGTCGCGTCGTTTGTGGAATACCGCAGCTTAACTGCGGGGTTGCAGGCGATACGGGCATAACTTGAGTGCTGTAGGGGAGACTGGAATTCCTGGTGTAGCGGTGGAATGCGCAGATATCAGGAGGAACACCGATGGCGAAGGCAGGTCTCTGGGCAGTAACTGACGCTGAGGAGCGAAAGCATGGGTA",-0.0359371781661919,-0.00166576175226625
"GCGAGCGTTGTCCGGAATTACTGGGCGTAAAGAGCTCGTAGGTGGTTTGTCGCGTCGTTTGTGTAATACCGCAGCTTAACTGTGGGGTTGCAGGCGATACGGGCATAACTTGAGTGCTGTAGGGGAGACTGGAATTCCTGGTGTAGCGGTGGAATGCGCAGATATCAGGAGGAACACCGATGGCGAAGGCAGGTCTCTGGGCAGTAACTGACGCTGAGGAGCGAAAGCATGGGTA",0.0148330024925451,0.0167336586697625
"GCGAGCGTTGTCCGGAATTACTGGGCGTAAAGAGCTCGTAGGTGGTTTGTCGCGTCGTTTGTGGAATACCGCAGCTTAACTGCGGGGTTGCAGGCGATACGGGCATAACTTGAGTGCTGTAGGGGAGACTGGAATTCCTGGTGTAGCGGTGGAATGCGCAGATATCAGGAGGAACACCGATGGCGAAGGCAGGTCTCTGGGCAGTAACTGACGCTGAGGAGCGAAAGCATGGGGA",-0.0178429889288856,-0.00325856099752797
"GCGAGCGTTGTCCGGAATTACTGGGCGTAAAGAGCTCGTAGGTGGTTTGTCGCGTCGTTTGTGTAATACCGCAGCTTAACTGCGGGGTTGCAGGCGATACGGGCATAACTTGAGTGCTGTAGGGGAGACTGGAATTCCTGGTGTAGCGGTGGAATGCGCAGATATCAGGAGGAACACCGATGGCGAAGGCAGGTCTCTGGGCAGTAACTGACGCTGAGGAGCGAAAGCATGGGTA",0.00052714134160489,0.0192240835399978
"GCGAGCGTTGTCCGGAATTACTGGGCGTAAAGAGCTCGTAGGTGGTTTGTCGCGTCGTCTGTGAAATCCCGGGGCTTAACTTCGGGCGTGCAGGCGATACGGGCATAACTAGAGTGCTGTAGGGGAGACTGGAATTCCTGGTGTAGCGGTGAAATGCGCAGATATCAGGAGGAACACCGATGGCGAAGGCAGGTCTCTGGGCAGTTACTGACGCTGAGGAGCGAAAGCATGGGTA",-0.00649813655652178,0.0240534976929933
"GCGAGCGTTGTCCGGAATTACTGGGCGTAAAGAGCTCGTAGGTGGTCTGTCGCGTCATTTGTGAAAGCCCGGGGCTTAACTCCGGGTTGGCAGGTGATACGGGCATGACTGGAGTACTGTAGGGGAGACTGGAATTCCTGGTGTAGCGGTGAAATGCGCAGATATCAGGAGGAACACCGGTGGCGAAGGCGGGTCTCTGGGCAGTAACTGACGCTGAGGAGCGAAAGCATGGGTA",-0.0311957771444264,0.0359577920327745
"GCGAGCGTTGTCCGGAATTACTGGGCGTAAAGAGCTCGTAGGTGGTTTGTCGCGTCGTCTGTGAAATTCCGGGGCTTAACTCCGGGCGTGCAGGCGATACGGGCATAACTTGAGTACTGTAGGGGAGACTGGAATTCCTGGTGTAGCGGTGAAATGCGCAGATATCAGGAGGAACACCGGTGGCGAAGGCGGGTCTCTGGGCAGTAACTGACGCTGAGGAGCGAAAGCATGGGTA",-0.0343980371754698,-0.0209675572723265
"GCGAGCGTTGTCCGGAATTACTGGGCGTAAAGAGCTCGTAGGTGGTTTGTCGCGTCGTCTGTGAAATTCCGGGGCTTAACTCCGGGCGTGCAGGCGATACGGGCATAACTTGAGTACTGTAGGGGAGACTGGAATTCCTGGTGTAGCGGTGAAATGCGCAGATATCAGGAGGAACACCGGTGGCGAAGGCGGGTCTCTGGGCAGTAACTGACGCTGAGGAGCGAAAGCATGGGGA",0.0700372491142022,0.0677119035553915
"GCGAGCGTTGTCCGGATTTACTGGGCGTAAAGGGCTCGTAGGTGGTGTGTTGCGTCGTCTGTGTAATCCAGGGGCTTAACTTTTGGTTGGCAGGCGATACGGGCATTGCTTGAGTGCTGTAGGGGAGACTGGAATTCCTGGTGTAGCGGTGAAATGCGCAGATATCAGGAGGAACACCGATGGCGAAGGCAGGTCTCTGGGCAGTTACTGACGCTGAGGAGCGAGAGCATGGGTA",-0.0190426266125122,0.0514594201573368
"GCGAGCGTTGTCCGGAATTACTGGGCGTAAAGAGCTCGTAGGCGGTTTGTCACGTCGTCTGTGAAATCCTAGGGCTTAACCCTGGACGTGCAGGCGATACGGGCTGACTTGAGTACTACAGGGGAGACTGGAATTTCTGGTGTAGCGGTGGAATGCACAGATATCAGGAAGAACACCGATGGCGAAGGCAGGTCTCTGGGTAGTAACTGACGCTGAGGAGCGAAAGCATGGGTAG",0.0640563313174489,0.0845175561984051
"GCGAGCGTTATCCGGAATTATTGGGCGTAAAGAGCTCGTAGGCGGTTTGTCGCGTCTGTCGTGAAAGTCCGGGGCTTAACCCCGGATCTGCGGTGGGTACGGGCAGACTAGAGTGCAGTAGGGGAGACTGGAATTCCTGGTGTAGCGGTGGAATGCGCAGATATCAGGAGGAACACCGATGGCGAAGGCAGGTCTCTGGGCTGTAACTGACGCTGAGGAGCGAAAGCATGGGGAG",-0.0355062166622739,-0.0239774120423564
"GCAAGCGTTATCCGGAATTATTGGGCGTAAAGAGCTCGTAGGCGGTTTGTCGCGTCTGCTGTGAAAGCCCGGGGCTTAACTCCGGGTGTGCAGTGGGTACGGGCAGGCTAGAGTGCAGTAGGGGAGACTGGAATTCCTGGTGTAGCGGTGGAATGCGCAGATATCAGGAGGAACACCGATGGCGAAGGCAGGTCTCTGGGCTGTTACTGACGCTGAGGAGCGAAAGCATGGGGAG",0.0187868810586651,-0.0351158235850647
"ACTAGCGTTGTCCGGAATTATTGGGCGTAAAGAGCTCGTAGGTGGTTTGTCGCGTCTGCTGTGGAAACGTGCCGCTTAACGGTGCGCGTGCAGTGGGTACGGGCGGACTAGAGTGCAGTAGGGGAGTCTGGAATTCCTGGTGTAGCGGTGAAATGCGCAGATATCAGGAGGAACACCGGTGGCGAAGGCGGGACTCTGGGCTGTTACTGACGCTGAGGAGCGAAAGCATGGGGAG",-0.0410599692391224,-0.0212801485016571
"ACAAGCGTTGTCCGGAATTATTGGGCGTAAAGAGCTCGTAGGTGGTTTGTCGCGTCTGCTGTGGAATCGTGCCGCTTAACGGTGCGCGTGCAGTGGGTACGGGCAGACTGGAGTGCAGTAGGGGAGTCTGGAATTCCTGGTGTAGCGGTGAAATGCGCAGATATCAGGAGGAACACCGGTGGCGAAGGCGGGACTCTGGGCTGTTACTGACGCTGAGGAGCGAAAGCATGGGGAG",-0.00858159984432188,-0.0159602676142123
"GCAAGCGTTGTCCGGAATTATTGGGCGTAAAGGGCTTGTAGGTGGCTTGTCGCGTCTGCCGTGAAAACTCGAGGCTTAACCTTGGGCGTGCGGTGGGTACGGGCAGGCTAGAGTGCGGTAGGGGAGACTGGAATTCCTGGTGTAGCGGTGAAATGCGCAGATATCAGGAGGAACACCGATGGCGAAGGCAGGTCTCTGGGCCGTTACTGACACTGAGAAGCGAAAGCATGGGGAG",-0.0439091280319605,-0.0175394093434789
"GCAAGCGTTGTCCGGAATTATTGGGCGTAAAGGGCTTGTAGGTGGCTTGTCGCGTCTGCCGTGAAAACCCAGGGCTTAACTCTGGGCGTGCGGTGGGTACGGGCAGGCTAGAGTGCGGTAGGGGAGACTGGAATTCCTGGTGTAGCGGTGAAATGCGCAGATATCAGGAGGAACACCGATGGCGAAGGCAGGTCTCTGGGCCGTTACTGACACTGAGAAGCGAAAGCATGGGGAG",-0.0309340494007961,-0.0217930994815826
"GCAAGCGTTATCCGGAATTATTGGGCGTAAAGGGCTCGTAGGCGGTTCGTCGCGTCCGGTGTGAAAGTCCATCGCTTAACGGTGGATCCGCGCCGGGTACGGGCGGGCTTGAGTGCGGTAGGGGAGACTGGAATTCCCGGTGTAACGGTGGAATGTGTAGATATCGGGAAGAACACCAATGGCGAAGGCAGGTCTCTGGGCCGTTACTGACGCTGAGGAGCGAAAGCGTGGGGAG",0.111389667464716,0.174464802808449
"GCAAGCGTTATCCGGAATTATTGGGCGTAAAGAGCTTGTAGGCGGTTCGTCGCGTCTGGTGTGAAAGCCCATCGCTTAACGGTGGGTTTGCGCCGGGTACGGGCGGGCTAGAGTGCAGTAGGGGAGACTGGAATTCTCGGTGTAACGGTGGAATGTGTAGATATCGGGAAGAACACCAATGGCGAAGGCAGGTCTCTGGGCTGTTACTGACGCTGAGAAGCGAAAGCGTGGGGAG",0.196660644538966,-0.0890863680457234
"GCAAGCGTTATCCGGATTTATTGGGCGTAAAGAGCTTGTAGGCGGTTCGTCGCGTCTGGTGTGAAAGCCCATCGCTTAACGGTGGGTCTGCGCCGGGTACGGGCGGGCTAGAGTGCAGTAGGGGAAACTGGAATTCTCGGTGTAACGGTGGAATGTGTAGATATCGGGAAGAACACCAATGGCGAAGGCAGGTTTCTGGGCTGTTACTGACGCTGAGAAGCGAAAGCGTGGGGAG",0.011201523685099,-0.0264815323246713
"GCAAGCGTTATCCGGAATTATTGGGCGTAAAGAGCTTGTAGGCGGTTCGTCGCGTCTGGTGTGAAAGCCCATCGCTTAACGGTGGGTCTGCGCCGGGTACGGGCGGGCTAGAGTGCAGTAGGGGAAACTGGAATTCTCGGTGTAACGGTGGAATGTGTAGATATCGGGAAGAACACCAATGGCGAAGGCAGGTTTCTGGGCTGTTACTGACGCTGAGAAGCGAAAGCGTGGGGAG",0.0145437929673059,-0.0179288867766531
"GCAAGCGTTATCCGGAATTATTGGGCGTAAAGAGCTTGTAGGCGGTTCGTCGCGTCTGGTGTGAAAGCCCATCGCTTAACGGTGGGTTTGCGCCGGGTACGGGCGGGCTAGAGTGCAGTAGGGGAGACTGGAATTCCCGGTGTAACGGTGGAATGTGTAGATATCGGGAAGAACACCAATGGCGAAGGCAGGTCTCTGGGCTGTTACTGACGCTGAGAAGCGAAAGCGTGGGGAG",0.15094054952579,-0.00980799755935634
"GCAAGCGTTATCCGGAATTATTGGGCGTAAAGAGCTTGTAGGCGGTTCGTCGCGTCTGGTGTGAAAGCCCATCGCTTAACGGTGGGTCTGCGCCGGGTACGGGCGGGCTAGAGTGCAGTAGGGGAGACTGGAATTCCCGGTGTAACGGTGGAATGTGTAGATATCGGGAAGAACACCAATGGCGAAGGCAGGTCTCTGGGCTGTTACTGACGCTGAGAAGCGAAAGCGTGGGGAG",0.207054089977016,0.0162642142587063
"GCAAGCGTTGTCCGGAATTATTGGGCGTAAAGAGCTCGTAGGCGGTTTGTCGCGTCTGGTGTGAAAGTCCATCGCTTAACGGTGGATTGGCGCTGGGTACGGGCAGGCTAGAGTGTAGTAGGGGAGACTGGAATTCTCGGTGTAACGGTGGAATGTGTAGATATCGGGAAGAACACCAATGGCGAAGGCAGGTCTCTGGGCTATTACTGACGCTGAGGAGCGAAAGCGTGGGGAG",-0.0164330320355009,0.152237500537812
"ACTAGCGTTGTCCGGATTTATTGGGCGTAAAGGGCTTGTAGGTGGTTTGTCGCGTCTGTCGTGAAATCCTGTGGCTTAACCATGGGCTTGCGGTGGGTACGGGCAGGCTTGAGTGCGGTAGGGGAGACTGGAATTCCTGGTGTAGCGGTGGAATGCGCAGATATCAGGAGGAACACCGGTGGCGAAGGCGGGTCTCTGGGCCGTTACTGACACTGAGGAGCGAAAGCGTGGGGAG",-0.0132149627532621,0.0015045211129989
"GCGAGCGTTGTCCGGAATTATTGGGCGTAAAGGGCTTGTAGGTGGCTGGTTGCGTCTGTCGTGAAAGCTCATGGCTTAACTGTGGGTTTGCGGTGGGTACGGGCTGGCTTGAGTGCAGTAGGGGAGGCTGGAATTCCTGGTGTAGCGGTGGAATGCGCAGATATCAGGAGGAATACCGGTGGCGAAGGCGGGTCTCTGGGCTGTTACTGACACTGAGGAGCGAAAGCATGGGGAG",0.0281549000898951,0.0541968615537977
"GCGAGCGTTGTCCGGAATTATTGGGCGTAAAGGGCTCGTAGGCGGTTTGTCGCGTCTAGCGTTTAAGGCTCGGGCTTAACCCGGGTTTGCGTTGGGTACGGGCAGGCTTGAGTGCGGTAGGGGTAACTGGAATTCCTGGTGTAGCGGTGGAATGCGCAGATATCAGGAGGAACACCGGTGGCGAAGGCGGGTTACTGGGCCGTTACTGACGCTGAGGAGCGAGAGCGTGGGGAGC",0.0159979451907248,0.07973120676859
"GCGAGCGTTGTCCGGATTTATTGGGCGTAAAGGGCTTGTAGGCGGTTTGTCGCGCCTGTCGTGTAATCCTCTGGCTTAACTGGGGGTGTGCGGTGGGTACGGGCAGGCTTGAGTGCGGTAGGGGAGATTGGAATTCCTGGTGTAGCGGTGGAATGCGCAGATATCAGGAGGAACACCGGTGGCGAAGGCGGGTCTCTGGGCCGTTACTGACGCTGAGGAGCGAAAGCGTGGGGAG",-0.0366933238239668,-0.0132410495428059
"GCGAGCGTTGTCCGGAATTATTGGGCGTAAAGGGCTTGTAGGCGGTTGGCCGCGTCTGCCGTGAAATCCTCTGGCTTAACTGGGGGCGTGCGGTGGGTACGGGTTGACTTGAGTGCGGTAGGGGAGACTGGAATTCCTGGTGTAGCGGTGGAATGCGCAGATATCAGGAGGAACACCGGTGGCGAAGGCGGGTCTCTGGGCCGTTACTGACGCTGAGGAGCGAAAGCGTGGGGAG",-0.0409891912583511,-0.0160079216754441
"GCGAGCGTTGTCCGGATTTATTGGGCGTAAAGAGCTCGTAGGTGGTTCGTCGCGTCTGTCGTGAAAGCCAGCAGCTTAACTGTTGGTCTGCGGTGGGTACGGGCGGGCTTGAGTGCGGTAGGGGTGACTGGAATTCCTGGTGTAGCGGTGGAATGCGCAGATATCAGGAGGAACACCGATGGCGAAGGCAGGTCACTGGGCCGTTACTGACACTGAGGAGCGAAAGCGTGGGGAG",0.00928638637972718,0.00362117784870486
"GCGAGCGTTGTCCGGAATTATTGGGCGTAAAGGGCTCGTAGGCGGTTTGTCGCGTCTGCTGTGAAAGACCGGGGCTTAACTCCGGGGTTGCAGTGGGTACGGGCAGACTAGAGTGCGGTAGGGGTAGCTGGAATTCCTGGTGTAGCGGTGGAATGCGCAGATATCAGGAGGAACACCGATGGCGAAGGCAGGTTACTGGGCCGTTACTGACGCTGAGGAGCGAAAGCATGGGGAG",-0.0448008935488646,-0.0189504404379365
"GCGAGCGTTGTCCGGAATTATTGGGCGTAAAGGGCTTGTAGGCGGCTTGTTGCGCCTGCTGTGAAAACGCGGGGCTTAACTTCGCGCGTGCAGTGGGTACGGGCAGGCTTGAGTGTGGTAGGGGTGACTGGAATTCCAGGTGTAGCGGTGGAATGCGCAGATATCTGGAGGAACACCGATGGCGAAGGCAGGTCACTGGGCCATTACTGACGCTGAGGAGCGAAAGCATGGGTAG",-0.0331856607066854,-0.0139839818135864
"GCGAGCGTTGTCCGGAATTATTGGGCGTAAAGGGCTCGTAGGCGGCTTGTTGCGCCTGCTGTGAAAACGCGGGGCTTAACTCCGCGCGTGCAGTGGGTACGGGCAGGCTTGAGTGTGGTAGGGGTGACTGGAATTCCAGGTGTAGCGGTGGAATGCGCAGATATCTGGAGGAACACCGATGGCGAAGGCAGGTCACTGGGCCATTACTGACGCTGAGGAGCGAAAGCGTGGGTAG",-0.0378950570204508,0.00780405707457373
"GCAAGCGTTGTCCGGATTTATTGGGCGTAAAGAGCTCGTAGGCGGTTTGTCGCGTCTGCTGTGAAAGCCCGAGGCTCAACCTCGGGTCTGCAGTGGGTACGGGCAGGCTAGAGTGCGGTAGGGGAGATTGGAATTCCTGGTGTAGCGGTGGAATGCGCAGATATCAGGAGGAACACCGATGGCGAAGGCAGATCTCTGGGCCGTTACTGACGCTGAGGAGCGAAAGCATGGGGAG",-0.0338755803610514,-0.0239876382662639
"GCGAGCGTTGTCCGGAATTATTGGGCGTAAAGAGCTCGTAGGCGGTTTGTCGCGTCTGCTGTGAAAGACCGGGGCTTAACTCCGGGGCTGCAGTGGGTACGGGCAGGCTGGAGTGCGGTAGGGGTAACCGGAATTCCTGGTGTAGCGGTGGAATGCGCAGATATCAGGAGGAACACCGATGGCGAAGGCAGGTTACTGGGCCGTTACTGACGCTGAGGAGCGAAAGCATGGGGAG",-0.0439037849577071,-0.0262752999838545
"GCGAGCGTTGTCCGGAATTATTGGGCGTAAAGGGCTTGTAGGTGGCGTGTCGCGTCTGCTGTGAAATTCCAGGGCTTAACTTTGGGATTGCAGTGGGTACGGGCATGCTAGAGTGCAGTAGGGGAGATTGGAATTCCTGGTGTAGCGGTGAAATGCGCAGATATCAGGAGGAACACCGGTGGCGAAGGCGGGTCTCTGGGCTGTTACTGACGCTGAGGAGCGAAAGCGTGGGGAG",-0.0316731104420382,-0.0303329559576332
"GCGAGCGTTGTCCGGAATTATTGGGCGTAAAGAGCTCGTAGGCGGTTTGTTGCGCCTGCTGTGAAAGACCGGGGCTTAACTTCGGGGTTGCAGTGGGTACGGGCAGACTAGAGTGTGGTAGGGGTAATTGGAATTCCTGGTGTAGCGGTGGAATGCGCAGATATCAGGAGGAACACCGATGGCGAAGGCAGGTTACTGGGCCACCACTGACGCTGAGGAGCGAAAGCGTGGGTAG",-0.0464994128373348,-0.0211977489719312
"GCAAGCGTTATCCGGATTCATTGGGCGTAAAGCGCTCGTAGGCGGTCTGTTAGGTCGGTAAGTTAAATCCGGGGGCTCAACCCCCGTCCGCTTCCGATACCGGCAGACTTGAGTTTGGTAGGGGAAGGTGGAATTCCTAGTGTAGCGGTGGAATGCGCAGATATTAGGAAGAACACCGGTGGCGAAGGCGGCCTTCTGGGCCATAACTGACGCTGAGGAGCGAAAGCTAGGGGAG",-0.0462401701945594,-0.0144628834217927
"GCAAGCGTTATCCGGATTCATTGGGCGTAAAGCGCTCGTAGGCGGTCTGTTAGGTCGGCAAGTTAAATCCGGGGGCTCAACCCCCGTCCGCTTCCGATACCGGCAGACTTGAGTTTGGTAGGGGAAGGTGGAATTCCTAGTGTAGCGGTGGAATGCGCAGATATTAGGAAGAACACCGGTGGCGAAGGCGGCCTTCTGGGCCATAACTGACGCTGAGGAGCGAAAGCTAGGGGAG",-0.0307193901202996,-0.00920879291769914
"GCAAGCGTTATCCGGATTCATTGGGCGTAAAGCGCGCGTAGGCGGTCTGTTAGGTCAGGAGTTAAATCTGGGGGCTCAACCCCTATCCGCTCCTGATACCGGCAGGCTTGAGTCTGGTAGGGGAAGATGGAATTCCAAGTGTAGCGGTGAAATGCGCAGATATTTGGAAGAACACCGGTGGCGAAGGCGGTCTTCTGGGCCATGACTGACGCTGAGGCGCGAAAGCTAGGGGAGC",0.134705027850454,-0.0292144937328002
"GCAAGCGTTATCCGGATTCATTGGGCGTAAAGCGCGCGTAGGCGGTCTGTTAGGTCAGGAGTCAAATCTGGGGGCTCAACCCCTATCCGCTCCTGATACCGGCAGGCTTGAGTCTGGTATGGGAAGGTGGAATTCCAAGTGTAGCGGTGAAATGCGCAGATATTTGGAAGAACACCAGTGGCGAAGGCGGCCTTCTGGGCCATGACTGACGCTGAGGCGCGAAAGCTAGGGGAGC",0.00283554936583639,-0.0427089743766158
"GCAAGCGTTATCCGGATTCATTGGGCGTAAAGCGCGCGTAGGCGGTTTGTTAGGTCAGGAGTTAAATCTGGGGGCTCAACCCCTATCCGCTCCTGATACCGGCAGGCTTGAGTCTGGTAGGGGAAGGCGGAATTCCAAGTGTAGCGGTGAAATGCGCAGATATTTGGAAGAACACCGGTGGCGAAGGCGGCCTTCTGGGCCACGACTGACGCTGAGGCGCGAAAGCTAGGGGAGC",-0.0053458295339683,-0.0365425030823277
"GCGAGCGTTATCCGGATTCATTGGGCGTAAAGCGCGCGTAGGCGGCCTGTTAGGTCAAGAGTTAAATCCGGGGGCTCAACCCCCGTCCGCTCCTGATACCGGCAGGCTTGAGTCTGGTAGGGGAAGGCGGAATTCCAAGTGTAGCGGTGGAATGCGCAGATATTTGGAAGAACACCGGTGGCGAAGGCGGCCTTCTGGGCCACGACTGACGCTGAGGCGCGAAAGCTAGGGGAGC",-0.0282892663296659,-0.0177796652090402
"GCGAGCGTTATCCGGATTCATTGGGCGTAAAGCGCGCGCAGGCGGCCCGCCAAGCGGCCTCGTCGAAGCCGGGGGCTCAACCCCCGGAAGCGACCCGAACTGGCGGGCTCGAGTGGGGCAGGGGAGGATGGAATTCCCGGTGTAGCGGTGAAATGCGCAGATATCGGGAGGAACACCGACGGCGAAGGCAGCCCTCTGGGCCTTCACTGACGCTGAGGCGCGAAAGCTGGGGGAG",-0.0491351847468957,-0.0212394016949299
"GCGAGCGTTATCCGGATTCATTGGGCGTAAAGCGCGCGCAGGCGGTTGCTCAAGCGGAACCTCTAATCTCGGGGCTTAACCTCGAGCCGGGTTCCGAACTGGACGACTCGAGTGCGGTAGAGGCAGATGGAATTCCCGGTGTAGCGGTGGAATGCGCAGATATCGGGAAGAACACCAACGGCGAAGGCAGTCTGCTGGGCCGTCACTGACGCTGAGGCGCGAAAGCTGGGGGAGC",0.0259408616969786,-0.0417076022021208
"CCAAGCGTTATCCGGAGTGACTGGGCGTAAAGAGTTGCGTAGGCGGCTAAGTAAGCGAGTAATGAAAACTATCGGCTCAACCGGTAGCCTGTTATTCGAACTGCTTGGCTCGAGATTATCAGAGGTCGCTGGAATTCCTAGTGTAGCAGTGAAATGCGTAGATATTAGGAAGAACACCAATGGCGTAGGCAGGCGACTGGGGTATTTCTGACGCTAAGGCACGAAAGCGTGGGGA",-0.0443899834238443,-0.0233735322764726
"GCGAGCGTTGTCCGGAATTATTGGGCGTAAAGAGTGCGTAGGCGGCAAATTAAGTCAGATGTGAAAACTAAGGGCTCAACCCATAGATTGCATCTGAAACTGATATGCTTGAGTCAAGGAGAGGAAAGTGGAATTCCTAGTGTAGCGGTGGAATGCGTAGATATTAGGAGGAATACCGGTGGCGAAGGCGACTTTCTGGACTTGTACTGACGCTGAGGCACGAAAGCGTGGGGAG",-0.0283758115204548,-0.0226463913877458
"GCGAGCGTTGTCCGGAATTATTGGGCGTAAAGAGTGCGTAGGCGGCAAATTAAGTCAGATGTGAAAACTAAGGGCTCAACCCATAGATTGCATCTGAAACTGATATGCTTGAGTCAAGGAGAGGAAAGTGGAATTCCTAGTGTAGCGGTGGAATGCGTAGATATTAGGAGGAATACCGGTGGCGAAGGCGACTTTCTGGACTTGAACTGACGCTGAGGCACGAAAGCGTGGGGAG",0.0683021339548345,0.0186482834806652
"GCGAGCGTTATCCGGATTTACTGGGTGTAAAGGGCGTGCAGGCGGGCTGATAAGTCAGATGTGAAATCCCCGAGCTTAACTCGGGAACTGCATCTGATACTGTTGGTCTTGAGTGCTGGAGAGGATAGTGGAATTCCTAGTGTAGCGGTAAAATGCGCAGATATTAGGAGGAACACCAGTGGCGAAGGCGGCTATCTGGACAGTAACTGACGCTGAGGCGCGAAAGCGTGGGTAG",-0.044427058325277,-0.0250140459753519
"GCGAGCGTTAATCGGAATGACTGGGCGTAAAGGGCGCGCAGGCGGTTTGTCAAGCCGGACGTGAAATCCCGGGGCTCAACCCCGGAATTGCGTTTGGAACTGGCAGGCTGGAGCGCGGCAGAGGAGGGTGGAATTCCGCGTGTAGCGGTGGAATGCGTAGAGATGCGGAAGAACACCGATGGCGAAGGCAGCCCTCTGGGCCGCAGCTGACGCTGAGGCGCGAAAGCGTGGGGAG",-0.0441282020667333,-0.0191645140088802
"GCGAGCGTTATCCGGATTTACTGGGCGTAAAGGGCGTGTAGGCGGCTAGATAAGTGTGATGTTTAAATCCAAGGCTTAACCTTGGGGTTCATTACAAACTGTTTAGCTTGAGTGCTGGAGAGGATAGTGGAATTCCTAGTGTAGCGGTAAAATGCGTAGATATTAGGAGGAACACCGGTGGCGAAGGCGGCTATCTGGACAGTAACTGACGCTGAGGCGCGAAAGCGTGGGGAGC",0.00799335048012337,-0.0359526484547696
"GCAAGCGTTGTCCGGATTCACTGGGCGTAAAGCGCGCGCAGGCGGTGATGTAAGTCTGAGGTGAAAACCCGAAGCTCAACTTCGGGACTGCCTTGGATACTGCGTCACTTGAGGATAGGAGAGGCAAGGGGAATTCCACGTGTAGCGGTGAAATGCGTAGAGATGTGGAGGAACACCTGTGGCGAAGGCGCCTTGCTGGCCTATTTCTGACGCTGAGGCGCGAAAGCGTGGGGAG",-0.0472340760979096,-0.0224605078747322
"GCAAGCGTTGTCCGGAATCACTGGGCGTAAAGGGCGCGCAGGCGGTCTGTTAAGTCAGATGTGAAAGGTTAGGGCTCAACCCTGAACGTGCATCTGATACTGGCAGACTTGAGTATGGAAGAGGTAAGTGGAATTCCTAGTGTAGCGGTGAAATGCGTAGATATTAGGAGGAACACCAGTGGCGAAGGCGACTTACTGGGCCATAACTGACGCTGAGGCGCGAAAGCGTGGGGAG",-0.0325756314547043,-0.0143308218327335
"GCAAGCGTTATCCGGAATTACTGGGCGTAAAGGGTGCGTAGGCGGTAATATAAGTTGGAGTTTTAAACCATGGGCTCAACCCATGTCAGGCTCCAAAACTGTATAACTTGAGTACTGGAGAGGAAAGTGGAATTCCTAGTGTAGCGGTGAAATGCGTAGATATTAGGAGGAATACCGGTGGCGAAGGCGACTTTCTGGACAGTAACTGACGCTGAGGCACGAAAGCGTGGGTAGC",-0.0417068093895583,-0.0210291804391632
"GCGAGCGTTGTCCGGAATTATTGGGCGTAAAGGGTGCGCAGGCGGCTTTACAAGTTGGATGTGAAATATTGTGGCTCAACCACAAACGTGCATCCAAAACTGCAAAGCTTGAGTTAAGGAGAGGTAAGTGGAATTCCTGGTGTAGCGGTGGAATGCGTAGATATCAGGAGGAATACCGGTGGCGAAGGCGACTTACTGGACTTAAACTGACGCTCAGGCACGAAAGCGTGGGGAG",0.0276691667077143,0.0324602070792144
"GCGAGCGTTGTTCGGAATTATTGGGCGTAAAGGGTACGTAGGCGGTTTGTTAAGTTTGGCGTTAAATCACGGGGCTCAACCCCGTTCAGCGTTGAAAACTGGCAAACTTGAGTAGTAGAGGGGACAGTGGAATTCCTAGTGTAGCGGTGAAATGCGTAGAGATTAGGAAGAATACCGGTGGCGAAGGCGACTGTCTGGATACATACTGACGCTCAGGTACGAAAGCGTGGGGAGC",-0.0100531354761281,0.0103652401005773
"GCAAGCGTTATCCGGATTTACTGGGTGTAAAGGGAGTGTAGGCGGCACTATAAGTCTGATGTGAAAACCTAAGGCTTAACCATAGGATTGCATTGGAAACTGTAGAGCTGGAGTATCGGAGAGGCAAGCGGAATTCCTGGTGTAGTGGTGAAATACGTAGATATCAGGAAGAACATCGGTGGCGAAGGCGGCTTGCTGGACGATAACTGACGCTAAGGCTCGAAAGCGTGGGAAG",0.183289648306734,-0.0495611018260971
"GCGAGCGTTGTCCGGAATTATTGGGCGTAAAGGGTACGCAGGCGGTTTACCAAGTTGGATGTGAAATCTTGTAGCTCAACTACAAACGTGCATCCAAAACTGGCTAACTTGAGTTAAGGAGAGGTAAGTGGAATTCCTGGTGTAGCGGTGGAATGCGTAGATATCAGGAGGAATACCGGTGGCGAAGGCGACTTACTGGACTTATACTGACGCTGAGGTACGAAAGCGTGGGGAG",-0.0321200336929928,-0.0188926657982957
"GCGAGCGTTATCCGGAATTACTGGGCGTAAAGGGCGCGTAGGCGGAATGACAAGTCAGCAAGTGAAAGCGTGGGGCTCAACCCCATGATGCGGCTGAAACTGTTATTCTAGAGGCATGGAGAGGCAAACGGAATTCCCGGTGTAGCGGTGAAATGCGTAGATATCGGGAAGAACACCAGTGGCGAAGGCGGTTTGCTGGCCATGAACTGACGCTCATAGCGCGAAAGCTAGGGTA",-0.0425452841445297,-0.0180486162240521
"GCGAGCGTTATCCGGAATTACTGGGCGTAAAGGGCGCGTAGGCGGAATGGCAAGTCAGCAAGTGAAAGCGTGGGGCTCAACCCCATGATGCGGCTGAAACTGTTATTCTAGAGGCATGGAGAGGCAAACGGAATTCCCGGTGTAGCGGTGAAATGCGTAGATATCGGGAAGAACACCAGTGGCGAAGGCGGTTTGCTGGCCATGAACTGACGCTCATAGCGCGAAAGCTAGGGTA",-0.0366232654652632,-0.0199592846711231
"GCGAGCGTTATCCGGAATTACTGGGTGTAAAGGGCGTGTAGGCGGCACTGTAAGTCAGATGTGAAATCTCCCGGCTCAACCGGGAGCGTGCATCTGATACTGCAGTACTTGAGTGATAGAGGGGAAAGCGGAATTCCTAGTGTAGCGGTAAAATGCGTAGATATTAGGAGGAACACCAGTGGCGAAGGCGGCTTTCTGGCTATTAACTGACGCTGAGGCGCGAAAGCGTGGGGAG",-0.0254790129876657,0.00405556817932601
"ACAAGCGTTATCCGGAATTACTGGGCGTAAAGGGTGCGCAGGTGGTCAGATAAGTTAGAGGTTAAAAGCAGAGGCTCAACCACTGTCAGCCTTTAAAACTATCTGACTTGAGTGCAGGAGAGGAAAGAGGAATTCCCGGTGTAGCGGTGAAATGCGTAGATATCGGGAGGAATACCGGTGGCGAAGGCGCCTTTCTGGACTGTAACTGACACTGAGGCACGAAAGCGTGGGGAGC",-0.0460383302091521,-0.0241466021097702
"GCAAGCGTTGTCCGGAATTATTGGGCGTAAAGGGTACGTAGGCGGTTTAATAAGTCCTAATTAAAAGGCTATGGCTCAACCATAGTATGGTTAGGAAACTGTTGAACTTGAGTAGATGAGGGGAAAGTGGAATTCCATGTGTAGCGGTGAAATGCGTAGATATATGGAGGAACACCAATGGCGAAGGCAACTTTCTGGAATCAAACTGACGCTGAGGTACGAAGGCGTGGGGAGC",-0.0339495692789009,-0.00591199612702372
"GCAAGCGTTGTCCGGAATTATTGGGCGTAAAGGGTACGTAGGCGGTTATTTAAGTCTAAATTAAAAGGCATTGGCTCAACCAATGTAAGGTTTAGATACTGGATAACTTGAGTAGATGAGGGGAAAGTGGAATTCCATGTGTAGCGGTGAAATGCGTAGATATATGGAGGAACACCAATGGCGAAGGCAACTTTCTGGAATCAAACTGACGCTGAGGTACGAAGGCGTGGGGAGC",-0.0418380241580414,-0.017043924462718
"GCTAGCGTTATCCGGATTTACTGGGCGTAAAGGGTGCGTAGGTGGTCTTTCAAGTCGGTGGTTAAAGGCTACGGCTCAACCGTAGTTAGCCTCCGAAACTGGAAGACTTGAGTGCAGGAGAGGAAAGTGGAATTCCCAGTGTAGCGGTGAAATGCGTAGATATTGGGAGGAACACCAGTAGCGAAGGCGGCTTTCTGGACTGCAACTGACACTGAGGCACGAAAGCGTGGGTAGC",-0.00962063732304179,0.00290910883500482
"CCGGGCGTTATCCGGATTTATTGGGTTTAAAGGGAGCGTAGGCCGTATATTAAGTGTGTTGTGAAATGCAGATGCTCAACATTTGACTTGCAGCGCATACTGGTATACTTGAGTGCGCGCAACGTAGGCGGAATTCGTCGTGTAGCGGTGAAATGCTTAGATATGACGAGGAACTCCGATTGCGAAGGCAGCTTACGGGAGCGTTACTGACGCTGATGCTCGAAGGTGCGGGTAT",-0.0422085635459892,-0.0242172842736783
"CCGGGCGTTATCCGGATTTATTGGGTTTAAAGGGAGCGTAGGCCGCCAGGTAAGCGTGTTGTGAAATGTACCGGCTCAACCGGTGAATTGCAGCGCGAACTGTCTGGCTTGAGTGCACGGTAAGCAGGCGGAATTCATGGTGTAGCGGTGAAATGCTTAGATATCATGAAGAACTCCGATTGCGAAGGCAGCTTGCTGCAGTGCGACTGACGCTGATGCTCGAAGGTGCGGGTAT",0.0319603862573449,0.0547649801496172
"CCGGGCGTTATCCGGATTTATTGGGTTTAAAGGGAGCGCAGGCCGCCCGATAAGCGTGTTGTGAAATGTACCGGCTCAACCGGTGAGTTGCAGCGCGAACTGTCAGGCTTGAGTGCACGGTAAGCAGGCGGAATTCATGGTGTAGCGGTGAAATGCTTAGATATCATGAGGAACTCCGATTGCGAAGGCAGCTTGCTGCAGTGCGACTGACGCTTAGGCTCGAAGGTGCGGGTAT",0.136858666625096,-0.014075695094899
"CCGGGCGTTATCCGGATTTATTGGGTTTAAAGGGAGCGTAGGCCGCCAGATAAGCGTGTTGTGAAATGTACCGGCTCAACCGGTGAATTGCAGCGCGAACTGTTTGGCTTGAGTGCACGGTAAGCAGGCGGAATTCATGGTGTAGCGGTGAAATGCTTAGATATCATGAAGAACTCCGATTGCGAAGGCAGCTTGCTGCAGTGCGACTGACGCTGATGCTCGAAGGTGCGGGTAT",-0.0131057381951679,-0.0194104653410565
"CCGGGCGTTATCCGGATTTATTGGGTTTAAAGGGAGCGTAGGCTGTCTATTAAGCGTGTTGTGAAATTTACCGGCTCAACCGGTGGCTTGCAGCGCGAACTGGTCGACTTGAGTATGCAGGAAGTAGGCGGAATTCATGGTGTAGCGGTGAAATGCTTAGATATCATGACGAACTCCGATTGCGCAGGCAGCTTGCTGTAGCATAACTGACGCTGATGCTCGAAAGTGCGGGTAT",-0.0335922111432449,0.085491186233826
"CCGGGCGTTATCCGGATTTATTGGGTTTAAAGGGAGCGTAGGCTGTCTATTAAGCGTGTTGTGAAATTTACCGGCTCAACCGGTGGCTTGCAGCGCGAACTGGTCGACTTGAGTATGCAGGAAGTAGGCGGAATTCATGGTGTAGCGGTGAAATGCTTAGATATCATGACGAACTCCGATTGCGCAGGCAGCTTACTGTAGCATAACTGACGCTGATGCTCGAAAGTGCGGGTAT",0.132725318611618,0.0838142973577894
"CCGGGCGTTATCCGGATTTATTGGGTTTAAAGGGAGCGTAGGCTGTCTATTAAGCGTGTTGTGAAATATACCGGCTCAACCGGTGGCTTGCAGCGCGAACTGGTCGACTTGAGTATGCAGGAAGTAGGCGGAATTCATGGTGTAGCGGTGAAATGCTTAGATATCATGACGAACTCCGATTGCGCAGGCAGCTTACTGTAGCATAACTGACGCTGATGCTCGAAAGTGCGGGTAT",0.0524685971500057,0.0730876232333566
"CCAGGCGTTATCCGGATTTATTGGGTTTAAAGGGAGCGTAGGCTGTCTGTTAAGCGTGTTGTGAAATGTACTGGCTCAACCAGTGAATTGCAGCGCGAACTGGCGGACTTGAGTATGCAGGAAGTAGGCGGAATTCATGGTGTAGCGGTGAAATGCTTAGATATCATGACGAACTCCGATTGCGAAGGCAGCTTACTGTAGCACAACTGACGCTTAGGCTCGAAAGTGCGGGTAT",0.0121867589216119,-0.000876983630708011
"CCGGGCGTTATCCGGATTTATTGGGTTTAAAGGGAGCGTAGGCCGTAGATTAAGTGTGTTGTGAAATGTAGACGCTCAACGTCTGACTTGCAGCGCATACTGGTTTACTTGAGTTTGCACAACGTTGGCGGAATTCGTCGTGTAGCGGTGAAATGCTTAGATATGACGAAGAACTCCGATTGCGAAGGCAGCTTGCGGGAGCAAAACTGACGCTGAAGCTCGAAAGTGCGGGTAT",-0.0356910700600684,-0.0274092015927769
"CCGGGCGTTATCCGGATTTATTGGGTTTAAAGGGAGCGTAGGCCGTGGGTTAAGTGTGTTGTGAAATCCGGTTGCTCAACATCCGGTTTGCAGCGCATACTGTCTCACTTGAGTGCGCACAACGCAGGCGGAATTCGTCGTGTAGCGGTGAAATGCTTAGATATGACGAGGAACCCCGATTGCGAAGGCAGCTTGCGGGAGCGCAACTGACGCTTAAGCTCGAAGGTGCGGGTAT",-0.0387370128580199,-0.011092811018031
"CCGGGCGTTATCCGGATTTATTGGGTTTAAAGGGAGCGTAGGCCGTGGGTTAAGTGTGTTGTGAAATCCGGTTGCTCAACATCCGGTTTGCAGCGCATACTGTCCCACTTGAGTGCGCACAACGCAGGCGGAATTCGTCGTGTAGCGGTGAAATGCTTAGATATGACGAGGAACCCCGATTGCGAAGGCAGCTTGCGGGAGCGCAACTGACGCTTAAGCTCGAAGGTGCGGGTAT",-0.0305594906939126,-0.0110921682987746
"CCGGGCGTTATCCGGATTTATTGGGTTTAAAGGGAGCGTAGGCCGCGTTTTAAGCGTGTTGTGAAATGTAGGCGCCCAACGTCTGCATCGCAGCGCGAACTGGAACGCTTGAGTACGCGCAACGTTGGCGGAATTCGTCGTGTAGCGGTGAAATGCTTAGATATGACGAAGAACTCCGATTGCGAAGGCAGCTGACGGGAGCGGCACTGACGCTTAAGCTCGAAGGTGCGGGTAT",0.01163616325698,-0.0240311239349615
"CCGGGCGTTATCCGGATTTATTGGGTTTAAAGGGAGCGTAGGCCGCGTTTTAAGCGTGTTGTGAAATGTAGACGCCCAACGTCTGCATCGCAGCGCGAACTGGGACGCTTGAGTACGCGCAACGTTGGCGGAATTCGTCGTGTAGCGGTGAAATGCTTAGATATGACGAGGAACTCCGATTGCGAAGGCAGCTGACGGGAGCGGCACTGACGCTTAAGCTCGAAGGTGCGGGTAT",0.0199500209246729,0.0277242672878687
"CCGGGCGTTATCCGGATTTATTGGGTTTAAAGGGAGTGTAGGCGGCCTGTTAAGCGTGTTGTGAAATGTAGATGCTCAACATCTGAACTGCAGCGCGAACTGGCTGGCTTGAGTACACGCAACGTGGGCGGAATTCATGGTGTAGCGGTGAAATGCTTAGATATCATGAGGAACTCCTATTGCGAAGGCAGCTCACGGGAGTGTCACTGACGCTTAAGCTCGAAGGTGCGGGTAT",0.0313967352100339,0.0514030720733049
"CCCGGCGTTATCCGGATTTATTGGGTTTAAAGGGAGTGTAGGCTGTTTGATAAGCGTGTTGTGAAATGTAGATGCTCAACATCTGAATTGCAGCGCGAACTGTCAGACTTGAGTACACGCAACGTGGGCGGAATTCATGGTGTAGCGGTGAAATGCTTAGATATCATGAGGAACTCCAATTGCGAAGGCAGCTCACGGGAGTGTTACTGACGCTTAAGCTCGAAGGTGCGGGTAT",-0.0436195425319682,-0.0145103211778409
"CCGGGCGTTATCCGGATTTATTGGGTTTAAAGGGAGTGTAGGCGGCCTGTTAAGCGTGTTGTGAAATGTAGATGCTCAACATCTGAACTGCAGCGCGAACTGGCTGGCTTGAGTACACGCAACGTGGGCGGAATTCATGGTGTAGCGGTGAAATGCTTAGATATCATGAGGAACTCCAATTGCGAAGGCAGCTCACGGGAGTGTCACTGACGCTTAAGCTCGAAGGTGCGGGTAT",-0.0312881811217814,-0.00613499209449762
"CCAGGCGTTATCCGGATTTATTGGGTTTAAAGGGAGCGTAGGCTGGAGATTAAGTGTGTTGTGAAATGTAGACGCTCAACGTCTGAATTGCAGCGCATACTGGTTTCCTTGAGTACGCACAACGTTGGCGGAATTCGTCGTGTAGCGGTGAAATGCTTAGATATGACGAAGAACTCCGATTGCGAAGGCAGCTGACGGGAGCGCAACTGACGCTTAAGCTCGAAGGTGCGGGTAT",-0.0231456821657237,-0.00665704006553087
"CCGGGTGTTATCCGGATTTATTGGGTTTAAAGGGAGCGCAGACTGCCTGTCAAGCGTGCAGTGAAACGCCGCGGCCCAACCGCGGCCCTGCTGCGCGAACTGGCGGGCTTGAGTGGGCTGGAGGCACGCGGAATTCGTGGTGTAGCGGTGAAATGCTCAGATATCACGAGGAACCCCGATTGCGAAGGCAGCGTGCCGCGTCCCTACTGACGTTGAGGCTCGAAGGTGCGGGTAT",-0.0394969902049679,-0.0239129291084303
"CCGGGCGTTATCCGGATTTATTGGGTTTAAAGGGAGCGTAGGCCGGAGATTAAGCGTGTTGTGAAATGTAGACGCTCAACGTCTGCACTGCAGCGCGAACTGGTTTCCTTGAGTACGCACAAAGTGGGCGGAATTCGTGGTGTAGCGGTGAAATGCTTAGATATCACGAAGAACTCCGATTGCGAAGGCAGCTCACTGGAGCGCAACTGACGCTGAAGCTCGAAAGTGCGGGTAT",-0.0394457376577987,-0.00776268818088478
"CCAGGCGTTATCCGGATTTATTGGGTTTAAAGGGAGTGTAGGCGGTTGGTTAAGCGTGTTGTGAAATGTAGATGCTCAACATCTGACTTGCAGCGCGAACTGGCTGACTTGAGTACACACAACGTAGGCGGAATTCATGGTGTAGCGGTGAAATGCTTAGATATCATGAAGAACTCCGATTGCGAAGGCAGCTTACGGGAGTGTTACTGACGCTTAAGCTCGAAGGTGCGGGTAT",0.0339170767243532,0.0240285939718237
"CCAGGCGTTATCCGGATTTATTGGGTTTAAAGGGAGTGTAGGCTGTTAGATAAGCGTGTTGTGAAATATTCTAGCTTAACTAGAATCGTGCAGCGCGAACTGTTTAACTTGAGTTCGTTCAACGTAGGCGGAATTTATGGTGTAGCGGTGAAATGCTTAGATATCATAAAGAACTCCGATTGCGAAGGCAGCTTACGGGGTCGTAACTGACGCTAAAGCTCGAAGGTGCGGGTAT",-0.00220099114022793,-0.018919766381953
"TCGGGCGTTATCCGGATTTATTGGGTTTAAAGGGAGCGTAGGCCGTTTGGTAAGCGTGTTGTGAAATGTAGTAGCTCAACTTCTAGATTGCAGCGCGAACTGTCAGACTTGAGTGCGCACAACGTAGGCGGAATTCATGGTGTAGCGGTGAAATGCTTAGATATCATGAAGAACTCCGATTGCGAAGGCAGCTTACGGGAGCGCAACTGACGCTGAAGCTCGAAGGTGCGGGTAT",0.0735353213439084,0.119567861430518
"TCGGGCGTTATCCGGATTTATTGGGTTTAAAGGGAGCGTAGGCCGTTTGGTAAGCGTGTTGTGAAATGTAGGAGCTCAACTTCTAGATTGCAGCGCGAACTGTCAGACTTGAGTGCGCACAACGTAGGCGGAATTCATGGTGTAGCGGTGAAATGCTTAGATATCATGAAGAACTCCGATTGCGAAGGCAGCTTACGGGAGCGCAACTGACGCTGAAGCTCGAAGGTGCGGGTAT",0.104508414699788,0.1285340295898
"CCAGGCGTTATCCGGATTTATTGGGTTTAAAGGGAGCGTAGGCTGTTTGTTAAGCGTGTTGTGAAATGTAAGAGCTCAACTTTTAGATTGCAGCGCGAACTGGCAGACTTGAGTGCGCACAACGTAGGCGGAATTCATGGTGTAGCGGTGAAATGCTTAGATATCATGACGAACTCCGATTGCGAAGGCAGCTTACGGGAGCGCAACTGACGCTAAAGCTCGAAGGTGCGGGTAT",0.0671237367907031,-0.0334121970712403
"CCAGGCGTTATCCGGATTTATTGGGTTTAAAGGGAGCGTAGGCTGTTTGTTAAGCGTGTTGTGAAATGTAGGAGCTCAACTTTTAGATTGCAGCGCGAACTGGCAGACTTGAGTGCGCACAACGTAGGCGGAATTCATGGTGTAGCGGTGAAATGCTTAGATATCATGACGAACTCCGATTGCGAAGGCAGCTTACGGGAGCGCAACTGACGCTAAAGCTCGAAGGTGCGGGTAT",-0.00312338759144136,-0.0124524256207061
"CCGAGCGTTATCCGGATTTATTGGGTTTAAAGGGAGCGTAGATGGATGTTTAAGTCAGTTGTGAAAGTTTGCGGCTCAACCGTAAAATTGCAGTTGATACTGGATATCTTGAGTGCAGTTGAGGCAGGCGGAATTCGTGGTGTAGCGGTGAAATGCTTAGATATCACGAAGAACTCCGATTGCGAAGGCAGCCTGCTAAGCTGCAACTGACATTGAGGCTCGAAAGTGTGGGTAT",-0.0336688506457576,0.0125053236286596
"CCGAGCGTTATCCGGATTTATTGGGTTTAAAGGGAGCGTAGGCGGATTGTTAAGTCAGTTGTGAAAGTTTGCGGCTCAACCGTAAAATTGCAGTTGATACTGGCAGTCTTGAGTGCAGTAGAGGTGGGCGGAATTCGTGGTGTAGCGGTGAAATGCTTAGATATCACGAAGAACTCCGATTGCGAAGGCAGCTCACTGGAGTGTAACTGACGCTGATGCTCGAAAGTGTGGGTAT",-0.048439770592434,-0.0169089243016832
"GCGAGCGTTATCCGGATTTATTGGGTTTAAAGGGTGCGCAGGCTGTGCATCAAGTCAGCGGTAAAATCTCGGGGCTCAACCCCGTTTAGCCGTTGAAACTGGTGTGCTGGAGTGTGCGCGAGGAAGGCGGAATGCGCGGTGTAGCGGTGAAATGCATAGATATTGCGCAGAACTCCGATTGCGAAGGCAGCCTTCCAGTGCATGACTGACGCTGAGGCACGAAAGCGTGGGTATC",-0.0323581532681241,-0.0266654066101153
"ACGAGCGTTATCCGGATTTATTGGGTTTAAAGGGTGCGTAGGTGGCTGATTAAGTCAGTGGTGAAAAGCTATGGCTCAACCATAGTCTTGCCGTTGATACTGGTTAGCTTGAGTGTAGATGATGTAGGCGGAATGCGTAGTGTAGCGGTGAAATGCATAGATATTACGCAGAACTCCGATTGCGAAGGCAGCTTACAAAACTACTACTGACACTGAGGCACGAAAGCGTGGGTAT",-0.0291526737740989,-0.0103247452440586
"ACGAGCGTTATCCGGATTTATTGGGTTTAAAGGGTGCGCAGGTGGTCCTGCAAGTCAGTGGTGAAAAGCTGAGGCTCAACCTCAGCCTTGCCGTTGAAACTGCAAGACTTGAGAGTACATGATGTGGGCGGAATGCGTAGTGTAGCGGTGAAATGCATAGATATTACGCAGAACTCCGATTGCGAAGGCAGCTCACAAAGGTATGTCTGACACTGAGGCACGAAAGCGTGGGGAG",-0.00108004021912134,-0.0142785520570867
"ACGAGCGTTATCCGGATTTATTGGGTTTAAAGGGTGCGCAGGTGGTCCTGCAAGTCAGTGGTGAAAAGCTGAGGCTCAACCTCAGCCTTGCCGTTGAAACTGCAAGACTTGAGAGTACATGATGTGGGCGGAATGCGTAGTGTAGCGGTGAAATGCATAGATATTACGCAGAACTCCGATTGCGAAGGCAGCTCACAAAGGTATATCTGACACTGAGGCACGAAAGCGTGGGGAG",-0.0369987499270508,-0.00688726040536495
"ACGAGCGTTATCCGGATTTATTGGGTTTAAAGGGTGCGCAGGTGGTCTTGCAAGTCAGTGGTGAAAAGCTGAGGCTCAACCTCAGCCTTGCCGTTGAAACTGTAAGACTTGAGAGTACATGATGTGGGCGGAATGCGTAGTGTAGCGGTGAAATGCATAGATATTACGCAGAACTCCGATTGCGAAGGCAGCTCACAAAGGTATATCTGACACTGAGGCACGAAAGCGTGGGGAG",-0.0426349679780489,-0.0120139312623693
"GCGAGCGTTATCCGGAATTATTGGGTTTAAAGGGTGCGCAGGTGGCTAATCAGGTCAGTGGTGAAAAGCTATGGCTCAACCATGGTCTTGCCATTGAAACCGTATAGCTAGAGAGGAGACGAGGTAGGCGGAATGTGTGGTGTAGCGGTGAAATGCATAGATATCACACAGAACTCCGATTGCGAAGGCAGCTTACCAGGCTTTATCTGACACTTAGGCACGACAGCGTGGGGAT",-0.0338811033073947,-0.0271222831322123
"GCGAGCGTTATCCGGAATTATTGGGTTTAAAGGGTGCGTAGGTTGCAAGGGAAGTCAGGGGTGAAAAGCTGTAGCTCAACTATGGTCTTGCCTTTGAAACTCTCTAGCTAGAGTGTACTGGAGGTACGTGGAACGTGTGGTGTAGCGGTGAAATGCATAGATATCACACAGAACTCCGATTGCGCAGGCAGCGTACTACATTACAACTGACACTGAAGCACGAAAGCGTGGGTAT",-0.0254619384824806,-0.014028597874709
"GCGAGCGTTATCCGGAATTATTGGGTTTAAAGGGTGCGTAGGTTGCAAGGGAAGTCAGGGGTGAAAAGCTATAGCTCAACTATGGTCTTGCCTTTGAAACTCTCTAGCTAGAGTGTACTGGAGGTACGTGGAACGTGTGGTGTAGCGGTGAAATGCATAGATATCACACAGAACTCCGATTGCGCAGGCAGCGTACTACATTACAACTGACACTGAAGCACGAAAGCGTGGGTAT",-0.00679204287255201,-0.0099734371778057
"GCGAGCGTTATCCGGATTTATTGGGTTTAAAGGGTGCGTAGGTGGTGATTTAAGTCAGCGGTGAAAGTTTGTGGCTCAACCATAAAATTGCCGTTGAAACTGGGTTACTTGAGTGTGTTTGAGGTAGGCGGAATGCGTGGTGTAGCGGTGAAATGCATAGATATCACGCAGAACTCCGATTGCGAAGGCAGCTTACTAAACCATAACTGACACTGAAGCACGAAAGCGTGGGGAT",-0.0479591507064411,-0.0171276332323129
"GCGAGCGTTATCCGGATTTATTGGGTTTAAAGGGTGCGTAGGCTGTGTACCAAGTCAGCGGTGAAATACCTGTGCTTAACGCAGGCTGTGCCGTTGAAACTGGCATGCTAGAATACGGGAGCCGTGGGAGGAATGTGTGGTGTAGCGGTGAAATGCATAGATATCACACAGAACACCGATTGCGAAGGCATCTCACGATTCCGTAATTGACGCTTAGGCACGAAAGCGTGGGTAT",-0.033273387098036,-0.0281183302954729
"GCGAGCGTTATCCGGATTTATTGGGTTTAAAGGGTGCGTAGGCGGCATTTCAAGTCAGCGGTGAAATGCCCTCGCTCAACGAGGGATGTGCCGTTGAAACTGAGAGGCTGGAATACGATCGACGTGGGAGGAATGTGTGGTGTAGCGGTGAAATGCATAGATATCACACAGAACACCGATTGCGAAGGCATCCCACGAGGCCGTAATTGACGCTGAGGCACGAAAGCGCGGGTAT",-0.0390352300917622,-0.0211977812417899
"TCAAGCGTTATCCGGATTTATTGGGTTTAAAGGGTGCGTAGGCGGTTTGATAAGTTAGAGGTGAAATTTCGGGGCTCAACCCTGAACGTGCCTCTAATACTGTTGAGCTAGAGAGTAGTTGCGGTAGGCGGAATGTATGGTGTAGCGGTGAAATGCTTAGAGATCATACAGAACACCGATTGCGAAGGCAGCTTACCAAACTATATCTGACGTTGAGGCACGAAAGCGTGGGGAG",-0.0471869486326977,-0.0125538922588484
"GCAAGCGTTATCCGGATTTATTGGGTTTAAAGGGTCCGTAGGCGGACTTATAAGTCAGTGGTGAAAGCCTGTCGCTTAACGATAGAACTGCCATTGATACTGTAAGTCTTGAGTATATTTGAGGTAGCTGGAATAAGTAGTGTAGCGGTGAAATGCATAGATATTACTTAGAACACCAATTGCGAAGGCAGGTTACCAAGATATAACTGACGCTGAGGGACGAAAGCGTGGGGAG",-0.0503412224841506,-0.0186550144237813
"ACGAGCGTTATCCGGAATTATTGGGTTTAAAGGGTGCGTAGGTGGCTATTTAAGTCAGGGGTGAAAAGCATGAGCTCAACTCATGTCTTGCCTTTGAAACTGGACAGCTAGAGAAAAGACGAGGTATGTGGAATGTGTGGTGTAGCGGTGAAATGCATAGATATCACACAGAACTCCGATTGCGCAGGCAGCGTACCAGACTTCTTCTGACACTGAAGCACGAAAGCGTGGGGAT",-0.040559436802026,-0.0181017700654662
"ACGAGCGTTATCCGGAATTATTGGGTTTAAAGGGTGCGTAGGTGGCTATTTAAGTCAGGGGTGAAAAGCATGAGCTCAACTCATGTCTTGCCTTTGAAACTGGACAGCTAGAGAAGAGACGAGGTATGTGGAATGTGTGGTGTAGCGGTGAAATGCATAGATATCACACAGAACTCCGATTGCGCAGGCAGCGTACCAGACTTATTCTGACACTGAAGCACGAAAGCGTGGGTAT",-0.0410360688120428,-0.0239230768609597
"ACGAGCGTTATCCGGATTTATTGGGCGTAAAGCGCGTCTAGGTGGTTATGTAAGTCTGATGTGAAAATGCAGGGCTCAACTCTGTATTGCGTTGGAAACTGTATAACTAGAGTACTGGAGAGGTAAGCGGAACTACAAGTGTAGAGGTGAAATTCGTAGATATTTGTAGGAATGCCGATGGGGAAGCCAGCTTACTGGACAGATACTGACGCTAAAGCGCGAAAGCGTGGGTAGC",0.00908888014565051,0.0187568636315243
"GCGAGCGTTATCCGGAATTATTGGGCTTAAAGGGCATCTAGGCGGTAAGACAAGTTGAAGGTGAAAACCTGTGGCTCAACCATAGGCTTGCCTACAAAACTGTTGAACTAGAGTACTGGAAAGGTGGGTGGAACTACACGAGTAGAGGTGAAATTCGTAGATATGTGTAGGAATGCCGATGATGAAGATAACTCACTGGACAGAAACTGACGCTGAAGTGCGAAAGCTAGGGGAG",0.11731378991136,-0.0211954745756954
"GCGAGCGTTATCCGGAATTATTGGGCTTAAAGGGCATCTAGGCGGTTAAACAAGTTGAAGGTGAAAACCTGTGGCTCAACCATAGGCTTGCCTACAAAACTGTATAACTAGAGTACTGGAAAGGTGGGTGGAACTACACGAGTAGAGGTGAAATTCGTAGATATGTGTAGGAATGCCGATGATGAAGATAACTCACTGGACAGCAACTGACGCTGAAGTGCGAAAGCTAGGGGAG",0.0604306168903912,-0.0299868455677202
"GCAAGCGTTAATCGGAATCACTGGGCGTAAAGCGCACGTAGGCGGCTTGGTAAGTCAGGGGTGAAATCCCACAGCCCAACTGTGGAACTGCCTTTGATACTGCCAGGCTTGAGTACCGGAGAGGGTGGCGGAATTCCAGGTGTAGGAGTGAAATCCGTAGATATCTGGAGGAACACCGGTGGCGAAGGCGGCCACCTGGACGGTAACTGACGCTGAGGTGCGAAAGCGTGGGTAG",-0.0496610237593322,-0.0143437369153431
"GCAAGCGTTACTCGGAATTACTGGGCGTAAAGGGCGCGTAGGCGGATTATCAAGTCTTTTGTGAAATCTAATAGCTTAACTATTAAACTGCTTAAGAAACTGATAGTCTAGAGTAGGGGAGAGGCAGATGGAACTAGTGGTGTAGGGGTAAAATCCGTAGATATCACTAAGAATACCTATTGCGAAGGCGATCTGCTAGAACTTAACTGACGCTAATGCGCGAAAGCGTGGGGAG",-0.0366548898752235,-0.0150694118135691
"GCAAGCGTTACTCGGAATCACTGGGCGTAAAGGGTGCGTAGGTGGATTATCAAGTCTCTTGTGAAATCTAATAGCTTAACTATTAAATTGCTTGGGAAACTGATAGTCTAGAGTAGGGGAGAGGCAGATGGAACTCTTGGTGTAGGAGTAAAATCCGTAGATATCAAGAAGAATACCTATTGCGAAAGCGATCTGCTAGAACCTAACTGACACTGATGCACGAAAGCGTGGGGAG",-0.0101678055992696,0.00808288158642461
"GCAAGCGTTACTCGGAATCACTGGGCGTAAAGGACGCGTAGGCGGATTATCAAGTCTTTTGTGAAATCTAGTGGCTTAACCACTAAACTGCTTAGGAAACTGATAGTCTAGAGTAGGGGAGAGGTAGATGGAATTCTTGGTGTAGGGGTAAAATCCGTAGAGATCAAGAAGAATACCCATTGCGAAAGCGATCTGCTGGAACCTAACTGACGCTGAGGCGTGAAAGCGTGGGTAG",0.0504451004126663,0.0570055383079777
"GCTAGCGTTGCTCGGAATCACTGGGCGTAAAGGGCGCGTAGGCGGCCTTGTAAGTTGGGGGTGAAAGCCCGTGGCTCAACCACGGAATTGCCTTCGATACTGCTTGGCTTGAGTGTGGTAGAGGTTGGTGGAACTGCGAGTGTAGAGGTGAAATTCGTAGATATTCGCAAGAACACCGGTGGCGAAGGCGGCCAACTGGACCATCACTGACGCTGAGGCGCGAAAGCGTGGGGAG",-0.0442317841153997,-0.0233734940713728
"GCGAGCGTTAATCGGAATTACTGGGCGTAAAGGGTGCGCAGGCGGCTTGGAAAGAACGGTGTGAAATCCCGGGGCTCAACCTCGGAACTGCACTATTAACTGCCAAGCTAGAGTATGTCAGAGGGGGGTGGAATTCCGCGTGTAGCAGTGAAATGCGTAGATATGCGGAGGAACACCGATGGCGAAGGCAGCCCCCTGGGATGGTACTGACGCTCAGGCACGAAAGCGTGGGTAG",-0.0366954606213036,-0.00515872528194206
"GCAAGCGTTAATCGGAATTACTGGGCGTAAAGGGTGCGCAGGCGGCTGTGCAAGACAGATGTGAAATCCCCGGGCTTAACCTGGGAACTGCATTTGTGACTGCACGGCTAGAGTTTGTCAGAGGAGGGTGGAATTCCGCGTGTAGCAGTGAAATGCGTAGATATGCGGAAGAACACCAATGGCGAAGGCAGCCCTCTGGGACATGACTGACGCTCATGCACGAAAGCGTGGGGAG",-0.0308052756981995,0.000543964271308555
"GCGAGCGTTAATCGGAATTACTGGGCGTAAAGCGAGCGCAGACGGTTACTTAAGCAGGATGTGAAATCCCCGGGCTCAACCTGGGAACTGCGTTCTGAACTGGGTGACTAGAGTGTGTCAGAGGGAGGTAGAATTCCACGTGTAGCAGTGAAATGCGTAGAGATGTGGAGGAATACCGATGGCGAAGGCAGCCTCCTGGGATAACACTGACGTTCATGCTCGAAAGCGTGGGTAG",-0.0461737181343461,-0.0210579255204256
"GCAAGCGTTAATCGGAATTATTGGGCGTAAAGCGAGTGCAGACGGTTACTTAAGCCAGATGTGAAATCCCCAAGCTTAACTTGGGACGTGCATTTGGAACTGGGTGACTAGAGTGTGTCAGAGGGAGGTAGAATTCCACATGTAGCGGTGGAATGCGTAGAGATGTGGAGGAATACCGATGGCGAAGGCAGCCTCCTGGGATAACACTGACGTTGAGGCTCGAAAGCGTGGGGAG",-0.028248340217558,0.0101636982132341
"GCAAGCGTTAATCGGAATTACTGGGCGTAAAGCGTGCGCAGGCGGTTCTGTAAGACAGATGTGAAATCCCCGGGCTCAACCTGGGAATGGCATTTGTGACTGCAGGACTAGAGTTCATCAGAGGGGGGTGGAATTCCAAGTGTAGCAGTGAAATGCGTAGATATTTGGAAGAACACCAATGGCGAAGGCAGCCCCCTGGGATGCGACTGACGCTCATGCACGAAAGCGTGGGGAG",-0.0130567657279525,-0.00622548876558777
"GCGAGCGTTAATCGGAATTACTGGGCGTAAAGGGTGCGCAGGCGGTTGAGTAAGACAGATGTGAAATCCCCGAGCTTAACTCGGGAATGGCATATGTGACTGCTCGACTAGAGTGTGTCAGAGGGAGGTGGAATTCCACGTGTAGCAGTGAAATGCGTAGATATGTGGAAGAACACCGATGGCGAAGGCAGCCTCCTGGGACATAACTGACGCTCAGGCACGAAAGCGTGGGGAG",-0.0468503749381052,-0.0186647280765985
"GCGAGCGTTAATCGGATTTACTGGGCGTAAAGCGTGCGTAGGCGGCTTTTTAAGTCGGATGTGAAATCCCCGAGCTTAACTTGGGAATTGCATTCGATACTGGGAAGCTAGAGTATGGGAGAGGATGGTAGAATTCCAGGTGTAGCGGTGAAATGCGTAGAGATCTGGAGGAATACCGATGGCGAAGGCAGCCATCTGGCCTAATACTGACGCTGAGGTACGAAAGCATGGGGAG",-0.0474228331723614,-0.0199475071594506
"GCGAGCGTTAATCGGAATTACTGGGCGTAAAGCGAGTGTAGGTGGCTCATTAAGTCACATGTGAAATCCCCGGGCTTAACCTGGGAACTGCATGTGATACTGGTGGTGCTAGAATATGTGAGAGGGAAGTAGAATTCCAGGTGTAGCGGTGAAATGCGTAGAGATCTGGAGGAATACCGATGGCGAAGGCAGCTTCCTGGCATAATATTGACACTGAGATTCGAAAGCGTGGGTA",-0.0443115592566905,-0.0236495349727265
"GCGAGCGTTAATCGGAATAACTGGGCGTAAAGGGCACGCAGGCGGTGACTTAAGTGAGGTGTGAAAGCCCCGGGCTTAACCTGGGAATTGCATTTCATACTGGGTCGCTAGAGTACTTTAGGGAGGGGTAGAATTCCACGTGTAGCGGTGAAATGCGTAGAGATGTGGAGGAATACCGAAGGCGAAGGCAGCCCCTTGGGAATGTACTGACGCTCATGTGCGAAAGCGTGGGGAG",-0.0229782532375964,-0.00328319844138353
"GCGAGCGTTAATCGGAATAACTGGGCGTAAAGGGCACGCAGGCGGACTTTTAAGTGAGGTGTGAAAGCCCCGGGCTTAACCTGGGAATTGCATTTCAGACTGGGAGTCTAGAGTACTTTAGGGAGGGGTAGAATTCCACGTGTAGCGGTGAAATGCGTAGAGATGTGGAGGAATACCGAAGGCGAAGGCAGCCCCTTGGGAATGTACTGACGCTCATGTGCGAAAGCGTGGGGAG",-0.034462267114745,-0.018794716811018
"GCAAGCGTTAATCGGAATTACTGGGCGTAAAGCGCACGCAGGCGGTTTGTTAAGTCAGATGTGAAATCCCCGGGCTCAACCTGGGAACTGCATCTGATACTGGCAAGCTTGAGTCTCGTAGAGGGGGGTAGAATTCCAGGTGTAGCGGTGAAATGCGTAGAGATCTGGAGGAATACCGGTGGCGAAGGCGGCCCCCTGGACGAAGACTGACGCTCAGGTGCGAAAGCGTGGGGAG",-0.00857536882202883,0.0242961966998142
